"Marca temporal,""Puntuación total"",""Enter your experimental ID"",""Enter your experimental ID [Puntuación]"",""Enter your experimental ID [Comentarios]"",""Which is the percentage value of mag^2 for the state 0 (decimal)? (e.g., 32.7)"",""Which is the percentage value of mag^2 for the state 0 (decimal)? (e.g., 32.7) [Puntuación]"",""Which is the percentage value of mag^2 for the state 0 (decimal)? (e.g., 32.7) [Comentarios]"",""Which is the percentage value of mag^2 for the state 1 (decimal)? (e.g., 32.7)"",""Which is the percentage value of mag^2 for the state 1 (decimal)? (e.g., 32.7) [Puntuación]"",""Which is the percentage value of mag^2 for the state 1 (decimal)? (e.g., 32.7) [Comentarios]"",""Which is the percentage value of mag^2 for the state 2 (decimal)? (e.g., 32.7)"",""Which is the percentage value of mag^2 for the state 2 (decimal)? (e.g., 32.7) [Puntuación]"",""Which is the percentage value of mag^2 for the state 2 (decimal)? (e.g., 32.7) [Comentarios]"",""Which is the percentage value of mag^2 for the state 3 (decimal)? (e.g., 32.7)"",""Which is the percentage value of mag^2 for the state 3 (decimal)? (e.g., 32.7) [Puntuación]"",""Which is the percentage value of mag^2 for the state 3 (decimal)? (e.g., 32.7) [Comentarios]"",""Which is the percentage value of mag^2 for the state 4 (decimal)>? (e.g., 32.7)"",""Which is the percentage value of mag^2 for the state 4 (decimal)>? (e.g., 32.7) [Puntuación]"",""Which is the percentage value of mag^2 for the state 4 (decimal)>? (e.g., 32.7) [Comentarios]"",""Which is the percentage value of mag^2 for the state 5 (decimal)>? (e.g., 32.7)"",""Which is the percentage value of mag^2 for the state 5 (decimal)>? (e.g., 32.7) [Puntuación]"",""Which is the percentage value of mag^2 for the state 5 (decimal)>? (e.g., 32.7) [Comentarios]"",""Which is the percentage value of mag^2 for the state 6 (decimal)>? (e.g., 32.7)"",""Which is the percentage value of mag^2 for the state 6 (decimal)>? (e.g., 32.7) [Puntuación]"",""Which is the percentage value of mag^2 for the state 6 (decimal)>? (e.g., 32.7) [Comentarios]"",""Which is the percentage value of mag^2 for the state 7 (decimal)? (e.g., 32.7)"",""Which is the percentage value of mag^2 for the state 7 (decimal)? (e.g., 32.7) [Puntuación]"",""Which is the percentage value of mag^2 for the state 7 (decimal)? (e.g., 32.7) [Comentarios]"",""Copy the code of the circuit created (Export button, then 'Copy to clipboard' under 'Escaped Link')"",""Copy the code of the circuit created (Export button, then 'Copy to clipboard' under 'Escaped Link') [Puntuación]"",""Copy the code of the circuit created (Export button, then 'Copy to clipboard' under 'Escaped Link') [Comentarios]"""
"2024/05/21 1:08:08 p. m. EEST,""8.00 / 8"",""Bari018"",""-- / 0"","""",""12.5"",""1.00 / 1"","""",""12.5"",""1.00 / 1"","""",""12.5"",""1.00 / 1"","""",""12.5"",""1.00 / 1"","""",""12.5"",""1.00 / 1"","""",""12.5"",""1.00 / 1"","""",""12.5"",""1.00 / 1"","""",""12.5"",""1.00 / 1"","""",""https://algassert.com/quirk#circuit=%7B%22cols%22%3A%5B%5B%22H%22%2C%22H%22%2C%22H%22%5D%2C%5B%22Y%22%2C1%2C%22Z%22%5D%2C%5B%22%E2%80%A2%22%2C%22X%22%5D%2C%5B1%2C%22Measure%22%2C%22Measure%22%5D%5D%7D"",""-- / 0"","""""
"2024/05/21 1:17:19 p. m. EEST,""8.00 / 8"",""Bari003"",""-- / 0"","""",""12.5"",""1.00 / 1"","""",""12.5"",""1.00 / 1"","""",""12.5"",""1.00 / 1"","""",""12.5"",""1.00 / 1"","""",""12.5"",""1.00 / 1"","""",""12.5"",""1.00 / 1"","""",""12.5"",""1.00 / 1"","""",""12.5"",""1.00 / 1"","""",""https://algassert.com/quirk#circuit=%7B%22cols%22%3A%5B%5B%22H%22%2C%22H%22%2C%22H%22%5D%2C%5B1%2C1%2C%22Z%22%5D%2C%5B%22Y%22%5D%2C%5B%22%E2%80%A2%22%2C%22X%22%5D%2C%5B1%2C%22Measure%22%2C%22Measure%22%5D%5D%7D"",""-- / 0"","""""
"2024/05/21 1:20:51 p. m. EEST,""8.00 / 8"",""Bari015"",""-- / 0"","""",""12.5"",""1.00 / 1"","""",""12.5"",""1.00 / 1"","""",""12.5"",""1.00 / 1"","""",""12.5"",""1.00 / 1"","""",""12.5"",""1.00 / 1"","""",""12.5"",""1.00 / 1"","""",""12.5"",""1.00 / 1"","""",""12.5"",""1.00 / 1"","""",""https://algassert.com/quirk#circuit=%7B%22cols%22%3A%5B%5B%22H%22%2C%22H%22%2C%22H%22%5D%2C%5B1%2C1%2C%22Z%22%5D%2C%5B%22Y%22%5D%2C%5B%22%E2%80%A2%22%2C%22X%22%5D%5D%7D"",""-- / 0"","""""
"2024/05/21 1:21:27 p. m. EEST,""8.00 / 8"",""Bari006"",""-- / 0"","""",""12.5"",""1.00 / 1"","""",""12.5"",""1.00 / 1"","""",""12.5"",""1.00 / 1"","""",""12.5"",""1.00 / 1"","""",""12.5"",""1.00 / 1"","""",""12.5"",""1.00 / 1"","""",""12.5"",""1.00 / 1"","""",""12.5"",""1.00 / 1"","""",""https://algassert.com/quirk#circuit=%7B%22cols%22%3A%5B%5B%22H%22%2C%22H%22%2C%22H%22%5D%2C%5B1%2C1%2C%22Z%22%5D%2C%5B%22Y%22%5D%2C%5B%22%E2%80%A2%22%2C%22X%22%5D%5D%7D"",""-- / 0"","""""
"2024/05/21 1:21:39 p. m. EEST,""8.00 / 8"",""Bari007"",""-- / 0"","""",""12.5"",""1.00 / 1"","""",""12.5"",""1.00 / 1"","""",""12.5"",""1.00 / 1"","""",""12.5"",""1.00 / 1"","""",""12.5"",""1.00 / 1"","""",""12.5"",""1.00 / 1"","""",""12.5"",""1.00 / 1"","""",""12.5"",""1.00 / 1"","""",""https://algassert.com/quirk#circuit=%7B%22cols%22%3A%5B%5B%22H%22%5D%2C%5B1%2C%22H%22%5D%2C%5B1%2C1%2C%22H%22%5D%2C%5B1%2C1%2C%22Z%22%5D%2C%5B%22Y%22%5D%2C%5B%22%E2%80%A2%22%2C%22X%22%5D%5D%7D"",""-- / 0"","""""
"2024/05/21 1:26:54 p. m. EEST,""8.00 / 8"",""Bari004"",""-- / 0"","""",""12.5"",""1.00 / 1"","""",""12.5"",""1.00 / 1"","""",""12.5"",""1.00 / 1"","""",""12.5"",""1.00 / 1"","""",""12.5"",""1.00 / 1"","""",""12.5"",""1.00 / 1"","""",""12.5"",""1.00 / 1"","""",""12.5"",""1.00 / 1"","""",""https://algassert.com/quirk#circuit={%22cols%22:[[%22H%22,%22H%22,%22H%22],[1,1,%22Z%22],[%22Y%22],[%22%E2%80%A2%22,%22X%22]]}"",""-- / 0"","""""
"2024/05/21 1:31:38 p. m. EEST,""8.00 / 8"",""Bari005"",""-- / 0"","""",""12.5"",""1.00 / 1"","""",""12.5"",""1.00 / 1"","""",""12.5"",""1.00 / 1"","""",""12.5"",""1.00 / 1"","""",""12.5"",""1.00 / 1"","""",""12.5"",""1.00 / 1"","""",""12.5"",""1.00 / 1"","""",""12.5"",""1.00 / 1"","""",""{"
"  """"cols"""": ["
    [
"      """"H"""""
    ],
    [
1
"      """"H"""""
    ],
    [
1
1
"      """"H"""""
    ],
    [
1
1
"      """"Z"""""
    ],
    [
"      """"Y"""""
    ],
    [
"      """"•"""","
"      """"X"""""
    ]
  ]
"}"",""-- / 0"","""""
"2024/05/21 1:33:46 p. m. EEST,""8.00 / 8"",""Bari012"",""-- / 0"","""",""12.50"",""1.00 / 1"","""",""12.50"",""1.00 / 1"","""",""12.50"",""1.00 / 1"","""",""12.50"",""1.00 / 1"","""",""12.50"",""1.00 / 1"","""",""12.50"",""1.00 / 1"","""",""12.50"",""1.00 / 1"","""",""12.50"",""1.00 / 1"","""",""https://algassert.com/quirk#circuit=%7B%22cols%22%3A%5B%5B%22H%22%2C%22H%22%2C%22H%22%5D%2C%5B1%2C1%2C%22Z%22%5D%2C%5B%22Y%22%5D%2C%5B%22%E2%80%A2%22%2C%22X%22%5D%5D%7D"",""-- / 0"","""""
"2024/05/21 1:37:14 p. m. EEST,""8.00 / 8"",""Bari014"",""-- / 0"","""",""12.50"",""1.00 / 1"","""",""12.50"",""1.00 / 1"","""",""12.50"",""1.00 / 1"","""",""12.50"",""1.00 / 1"","""",""12.50"",""1.00 / 1"","""",""12.50"",""1.00 / 1"","""",""12.50"",""1.00 / 1"","""",""12.50"",""1.00 / 1"","""",""https://algassert.com/quirk#circuit=%7B%22cols%22%3A%5B%5B%22H%22%2C%22H%22%2C%22H%22%5D%2C%5B1%2C1%2C%22Z%22%5D%2C%5B%22Y%22%5D%2C%5B%22%E2%80%A2%22%2C%22X%22%5D%5D%7D"",""-- / 0"","""""
"2024/05/21 1:37:26 p. m. EEST,""8.00 / 8"",""Bari013"",""-- / 0"","""",""12.5"",""1.00 / 1"","""",""12.5"",""1.00 / 1"","""",""12.5"",""1.00 / 1"","""",""12.5"",""1.00 / 1"","""",""12.5"",""1.00 / 1"","""",""12.5"",""1.00 / 1"","""",""12.5"",""1.00 / 1"","""",""12.5"",""1.00 / 1"","""",""https://algassert.com/quirk#circuit=%7B%22cols%22%3A%5B%5B%22H%22%5D%2C%5B1%2C%22H%22%5D%2C%5B1%2C1%2C%22H%22%5D%2C%5B1%2C1%2C%22Z%22%5D%2C%5B%22Y%22%5D%2C%5B%22%E2%80%A2%22%2C%22X%22%5D%5D%7D"",""-- / 0"","""""
"2024/05/21 1:41:19 p. m. EEST,""8.00 / 8"",""Bari017"",""-- / 0"","""",""12.5000"",""1.00 / 1"","""",""12.5000"",""1.00 / 1"","""",""12.5000"",""1.00 / 1"","""",""12.5000"",""1.00 / 1"","""",""12.5000"",""1.00 / 1"","""",""12.5000"",""1.00 / 1"","""",""12.5000"",""1.00 / 1"","""",""12.5000"",""1.00 / 1"","""",""https://algassert.com/quirk#circuit=%7B%22cols%22%3A%5B%5B%22H%22%2C%22H%22%2C%22H%22%5D%2C%5B1%2C1%2C%22Z%22%5D%2C%5B%22Y%22%5D%2C%5B%22%E2%80%A2%22%2C%22X%22%5D%5D%7D"",""-- / 0"","""""
"2024/05/21 1:43:56 p. m. EEST,""8.00 / 8"",""Bari002"",""-- / 0"","""",""12.50"",""1.00 / 1"","""",""12.50"",""1.00 / 1"","""",""12.50"",""1.00 / 1"","""",""12.50"",""1.00 / 1"","""",""12.50"",""1.00 / 1"","""",""12.50"",""1.00 / 1"","""",""12.50"",""1.00 / 1"","""",""12.50"",""1.00 / 1"","""",""https://algassert.com/quirk#circuit=%7B%22cols%22%3A%5B%5B%22H%22%2C%22H%22%2C%22H%22%5D%2C%5B%22Y%22%2C1%2C%22Z%22%5D%2C%5B%22%E2%80%A2%22%2C%22X%22%5D%5D%7D"",""-- / 0"","""""
"2024/05/21 1:44:54 p. m. EEST,""8.00 / 8"",""Bari010"",""-- / 0"","""",""12.5"",""1.00 / 1"","""",""12.5"",""1.00 / 1"","""",""12.5"",""1.00 / 1"","""",""12.5"",""1.00 / 1"","""",""12.5"",""1.00 / 1"","""",""12.5"",""1.00 / 1"","""",""12.5"",""1.00 / 1"","""",""12.5"",""1.00 / 1"","""",""https://algassert.com/quirk#circuit=%7B%22cols%22%3A%5B%5B%22H%22%2C%22H%22%2C%22H%22%5D%2C%5B1%2C1%2C%22Z%22%5D%2C%5B%22Y%22%5D%2C%5B%22%E2%80%A2%22%2C%22X%22%5D%5D%7D"",""-- / 0"","""""
"2024/05/21 1:45:59 p. m. EEST,""8.00 / 8"",""Bari009"",""-- / 0"","""",""12.5"",""1.00 / 1"","""",""12.5"",""1.00 / 1"","""",""12.5"",""1.00 / 1"","""",""12.5"",""1.00 / 1"","""",""12.5"",""1.00 / 1"","""",""12.5"",""1.00 / 1"","""",""12.5"",""1.00 / 1"","""",""12.5"",""1.00 / 1"","""",""https://algassert.com/quirk#circuit=%7B%22cols%22%3A%5B%5B%22H%22%5D%2C%5B1%2C%22H%22%5D%2C%5B1%2C1%2C%22H%22%5D%2C%5B1%2C1%2C%22Z%22%5D%2C%5B%22Y%22%5D%2C%5B%22%E2%80%A2%22%2C%22X%22%5D%5D%7D"",""-- / 0"","""""
"2024/05/21 1:46:37 p. m. EEST,""8.00 / 8"",""Bari001"",""-- / 0"","""",""12.5"",""1.00 / 1"","""",""12.5"",""1.00 / 1"","""",""12.5"",""1.00 / 1"","""",""12.5"",""1.00 / 1"","""",""12.5"",""1.00 / 1"","""",""12.5"",""1.00 / 1"","""",""12.5"",""1.00 / 1"","""",""12.5"",""1.00 / 1"","""",""https://algassert.com/quirk#circuit=%7B%22cols%22%3A%5B%5B1%2C1%2C1%2C%22%E2%80%A6%22%5D%2C%5B%22H%22%5D%2C%5B1%2C%22H%22%5D%2C%5B1%2C1%2C%22H%22%5D%2C%5B1%2C1%2C%22Z%22%5D%2C%5B%22Y%22%5D%2C%5B%22%E2%80%A2%22%2C%22X%22%5D%5D%7D"",""-- / 0"","""""
"2024/05/21 1:53:48 p. m. EEST,""8.00 / 8"",""Bari016"",""-- / 0"","""",""12.5"",""1.00 / 1"","""",""12.5"",""1.00 / 1"","""",""12.5"",""1.00 / 1"","""",""12.5"",""1.00 / 1"","""",""12.5"",""1.00 / 1"","""",""12.5"",""1.00 / 1"","""",""12.5"",""1.00 / 1"","""",""12.5"",""1.00 / 1"","""",""https://algassert.com/quirk#circuit=%7B%22cols%22%3A%5B%5B%22H%22%5D%2C%5B1%2C%22H%22%2C%22H%22%5D%2C%5B1%2C1%2C%22Z%22%5D%2C%5B%22Y%22%5D%2C%5B%22%E2%80%A2%22%2C%22X%22%5D%5D%7D"",""-- / 0"","""""
"2024/05/24 2:05:02 p. m. EEST,""8.00 / 8"",""Bari028"",""-- / 0"","""",""12.5"",""1.00 / 1"","""",""12.5"",""1.00 / 1"","""",""12.5"",""1.00 / 1"","""",""12.5"",""1.00 / 1"","""",""12.5"",""1.00 / 1"","""",""12.5"",""1.00 / 1"","""",""12.5"",""1.00 / 1"","""",""12.5"",""1.00 / 1"","""",""https://algassert.com/quirk#circuit=%7B%22cols%22%3A%5B%5B%22H%22%2C%22H%22%2C%22H%22%5D%2C%5B%22Y%22%2C1%2C%22Z%22%5D%2C%5B%22%E2%80%A2%22%2C%22X%22%5D%2C%5B1%2C1%2C%22Measure%22%5D%2C%5B1%2C%22Measure%22%5D%5D%7D"",""-- / 0"","""""
"2024/05/24 2:05:49 p. m. EEST,""8.00 / 8"",""Bari088"",""-- / 0"","""",""12.5"",""1.00 / 1"","""",""12.5"",""1.00 / 1"","""",""12.5"",""1.00 / 1"","""",""12.5"",""1.00 / 1"","""",""12.5"",""1.00 / 1"","""",""12.5"",""1.00 / 1"","""",""12.5"",""1.00 / 1"","""",""12.5"",""1.00 / 1"","""",""https://algassert.com/quirk#circuit=%7B%22cols%22%3A%5B%5B%22H%22%5D%2C%5B1%2C%22H%22%5D%2C%5B1%2C1%2C%22H%22%5D%2C%5B1%2C1%2C%22Z%22%5D%2C%5B%22Y%22%5D%2C%5B%22%E2%80%A2%22%2C%22X%22%5D%2C%5B1%2C1%2C%22Measure%22%5D%2C%5B1%2C%22Measure%22%5D%5D%7D"",""-- / 0"","""""
"2024/05/24 2:05:59 p. m. EEST,""8.00 / 8"",""Bari031"",""-- / 0"","""",""12.5"",""1.00 / 1"","""",""12.5"",""1.00 / 1"","""",""12.5"",""1.00 / 1"","""",""12.5"",""1.00 / 1"","""",""12.5"",""1.00 / 1"","""",""12.5"",""1.00 / 1"","""",""12.5"",""1.00 / 1"","""",""12.5"",""1.00 / 1"","""",""https://algassert.com/quirk#circuit=%7B%22cols%22%3A%5B%5B%22H%22%2C%22H%22%2C%22H%22%5D%2C%5B1%2C1%2C%22Z%22%5D%2C%5B%22Y%22%5D%2C%5B%22%E2%80%A2%22%2C%22X%22%5D%5D%7D"",""-- / 0"","""""
"2024/05/24 2:06:13 p. m. EEST,""8.00 / 8"",""Bari070"",""-- / 0"","""",""12.5"",""1.00 / 1"","""",""12.5"",""1.00 / 1"","""",""12.5"",""1.00 / 1"","""",""12.5"",""1.00 / 1"","""",""12.5"",""1.00 / 1"","""",""12.5"",""1.00 / 1"","""",""12.5"",""1.00 / 1"","""",""12.5"",""1.00 / 1"","""",""https://algassert.com/quirk#circuit=%7B%22cols%22%3A%5B%5B%22H%22%5D%2C%5B1%2C%22H%22%5D%2C%5B1%2C1%2C%22H%22%5D%2C%5B1%2C1%2C%22Z%22%5D%2C%5B%22Y%22%5D%2C%5B%22%E2%80%A2%22%2C%22X%22%5D%2C%5B1%2C1%2C%22Measure%22%5D%2C%5B1%2C%22Measure%22%5D%5D%7D"",""-- / 0"","""""
"2024/05/24 2:06:14 p. m. EEST,""8.00 / 8"",""Bari106"",""-- / 0"","""",""12.5"",""1.00 / 1"","""",""12.5"",""1.00 / 1"","""",""12.5"",""1.00 / 1"","""",""12.5"",""1.00 / 1"","""",""12.5"",""1.00 / 1"","""",""12.5"",""1.00 / 1"","""",""12.5"",""1.00 / 1"","""",""12.5"",""1.00 / 1"","""",""https://algassert.com/quirk#circuit=%7B%22cols%22%3A%5B%5B%22H%22%2C%22H%22%2C%22H%22%5D%2C%5B1%2C1%2C%22Z%22%5D%2C%5B%22Y%22%5D%2C%5B%22%E2%80%A2%22%2C%22X%22%5D%2C%5B1%2C1%2C%22Measure%22%5D%2C%5B1%2C%22Measure%22%5D%5D%7D"",""-- / 0"","""""
"2024/05/24 2:06:50 p. m. EEST,""8.00 / 8"","" Bari056"",""-- / 0"","""",""12.50"",""1.00 / 1"","""",""12.50"",""1.00 / 1"","""",""12.50"",""1.00 / 1"","""",""12.50"",""1.00 / 1"","""",""12.50"",""1.00 / 1"","""",""12.50"",""1.00 / 1"","""",""12.50"",""1.00 / 1"","""",""12.50"",""1.00 / 1"","""",""https://algassert.com/quirk#circuit=%7B%22cols%22%3A%5B%5B%22H%22%2C%22H%22%2C%22H%22%5D%2C%5B1%2C1%2C%22Z%22%5D%2C%5B%22Y%22%5D%2C%5B%22%E2%80%A2%22%2C%22X%22%5D%2C%5B1%2C%22Measure%22%2C%22Measure%22%5D%5D%7D"",""-- / 0"","""""
"2024/05/24 2:07:47 p. m. EEST,""8.00 / 8"",""Bari068"",""-- / 0"","""",""12.5000"",""1.00 / 1"","""",""12.5000"",""1.00 / 1"","""",""12.5000"",""1.00 / 1"","""",""12.5000"",""1.00 / 1"","""",""12.5000"",""1.00 / 1"","""",""12.5000"",""1.00 / 1"","""",""12.5000"",""1.00 / 1"","""",""12.5000"",""1.00 / 1"","""",""https://algassert.com/quirk#circuit=%7B%22cols%22%3A%5B%5B%22H%22%2C%22H%22%2C%22H%22%5D%2C%5B%22Y%22%2C1%2C%22Z%22%5D%2C%5B%22%E2%80%A2%22%2C%22X%22%5D%5D%7D"",""-- / 0"","""""
"2024/05/24 2:08:16 p. m. EEST,""8.00 / 8"",""Bari087"",""-- / 0"","""",""12.5"",""1.00 / 1"","""",""12.5"",""1.00 / 1"","""",""12.5"",""1.00 / 1"","""",""12.5"",""1.00 / 1"","""",""12.5"",""1.00 / 1"","""",""12.5"",""1.00 / 1"","""",""12.5"",""1.00 / 1"","""",""12.5"",""1.00 / 1"","""",""https://algassert.com/quirk#circuit=%7B%22cols%22%3A%5B%5B%22H%22%5D%2C%5B1%2C%22H%22%5D%2C%5B1%2C1%2C%22H%22%5D%2C%5B1%2C1%2C%22Z%22%5D%2C%5B%22Y%22%5D%2C%5B%22%E2%80%A2%22%2C%22X%22%5D%2C%5B1%2C1%2C%22Measure%22%5D%2C%5B1%2C%22Measure%22%5D%5D%7D"",""-- / 0"","""""
"2024/05/24 2:08:18 p. m. EEST,""8.00 / 8"",""Bari110"",""-- / 0"","""",""12.5"",""1.00 / 1"","""",""12.5"",""1.00 / 1"","""",""12.5"",""1.00 / 1"","""",""12.5"",""1.00 / 1"","""",""12.5"",""1.00 / 1"","""",""12.5"",""1.00 / 1"","""",""12.5"",""1.00 / 1"","""",""12.5"",""1.00 / 1"","""",""https://algassert.com/quirk#circuit=%7B%22cols%22%3A%5B%5B%22H%22%2C%22H%22%2C%22H%22%5D%2C%5B%22Y%22%2C1%2C%22Z%22%5D%2C%5B%22%E2%80%A2%22%2C%22X%22%5D%2C%5B1%2C%22Measure%22%2C%22Measure%22%5D%5D%7D"",""-- / 0"","""""
"2024/05/24 2:08:26 p. m. EEST,""8.00 / 8"",""Bari086"",""-- / 0"","""",""12.5"",""1.00 / 1"","""",""12.5"",""1.00 / 1"","""",""12.5"",""1.00 / 1"","""",""12.5"",""1.00 / 1"","""",""12.5"",""1.00 / 1"","""",""12.5"",""1.00 / 1"","""",""12.5"",""1.00 / 1"","""",""12.5"",""1.00 / 1"","""",""https://algassert.com/quirk#circuit=%7B%22cols%22%3A%5B%5B%22H%22%2C%22H%22%2C%22H%22%5D%2C%5B%22Y%22%2C1%2C%22Z%22%5D%2C%5B%22%E2%80%A2%22%2C%22X%22%5D%5D%7D"",""-- / 0"","""""
"2024/05/24 2:08:45 p. m. EEST,""8.00 / 8"",""Bari067"",""-- / 0"","""",""12.5000"",""1.00 / 1"","""",""12.5000"",""1.00 / 1"","""",""12.5000"",""1.00 / 1"","""",""12.5000"",""1.00 / 1"","""",""12.5000"",""1.00 / 1"","""",""12.5000"",""1.00 / 1"","""",""12.5000"",""1.00 / 1"","""",""12.5000"",""1.00 / 1"","""",""https://algassert.com/quirk#circuit=%7B%22cols%22%3A%5B%5B%22H%22%2C%22H%22%2C%22H%22%5D%2C%5B1%2C1%2C%22Z%22%5D%2C%5B%22Y%22%5D%2C%5B%22%E2%80%A2%22%2C%22X%22%5D%2C%5B1%2C1%2C%22Measure%22%5D%2C%5B1%2C%22Measure%22%5D%5D%7D"",""-- / 0"","""""
"2024/05/24 2:09:04 p. m. EEST,""8.00 / 8"",""Bari047"",""-- / 0"","""",""12.5"",""1.00 / 1"","""",""12.5"",""1.00 / 1"","""",""12.5"",""1.00 / 1"","""",""12.5"",""1.00 / 1"","""",""12.5"",""1.00 / 1"","""",""12.5"",""1.00 / 1"","""",""12.5"",""1.00 / 1"","""",""12.5"",""1.00 / 1"","""",""https://algassert.com/quirk#circuit=%7B%22cols%22%3A%5B%5B%22H%22%2C%22H%22%2C%22H%22%5D%2C%5B%22Y%22%2C1%2C%22Z%22%5D%2C%5B%22%E2%80%A2%22%2C%22X%22%5D%2C%5B1%2C1%2C%22Measure%22%5D%2C%5B1%2C%22Measure%22%5D%5D%7D"",""-- / 0"","""""
"2024/05/24 2:09:24 p. m. EEST,""0.00 / 8"",""Bari050"",""-- / 0"","""",""0"",""0.00 / 1"","""",""0"",""0.00 / 1"","""",""0"",""0.00 / 1"","""",""0"",""0.00 / 1"","""",""0"",""0.00 / 1"","""",""0"",""0.00 / 1"","""",""0"",""0.00 / 1"","""",""0"",""0.00 / 1"","""",""https://algassert.com/quirk#circuit=%7B%22cols%22%3A%5B%5B%22H%22%5D%2C%5B1%2C%22H%22%5D%2C%5B1%2C1%2C%22H%22%5D%2C%5B1%2C1%2C1%2C%22Z%22%5D%2C%5B1%2C1%2C1%2C1%2C%22Y%22%5D%2C%5B1%2C1%2C1%2C1%2C%22%E2%80%A2%22%2C%22H%22%5D%2C%5B1%2C1%2C1%2C1%2C1%2C%22Measure%22%5D%2C%5B1%2C1%2C1%2C1%2C1%2C%22Measure%22%5D%5D%7D"",""-- / 0"","""""
"2024/05/24 2:10:40 p. m. EEST,""8.00 / 8"",""Bari066"",""-- / 0"","""",""12.5"",""1.00 / 1"","""",""12.5"",""1.00 / 1"","""",""12.5"",""1.00 / 1"","""",""12.5"",""1.00 / 1"","""",""12.5"",""1.00 / 1"","""",""12.5"",""1.00 / 1"","""",""12.5"",""1.00 / 1"","""",""12.5"",""1.00 / 1"","""",""https://algassert.com/quirk#circuit=%7B%22cols%22%3A%5B%5B%22H%22%5D%2C%5B1%2C%22H%22%5D%2C%5B1%2C1%2C%22H%22%5D%2C%5B1%2C1%2C%22Z%22%5D%2C%5B%22Y%22%5D%2C%5B%22%E2%80%A2%22%2C%22X%22%5D%5D%7D"",""-- / 0"","""""
"2024/05/24 2:12:15 p. m. EEST,""8.00 / 8"",""Bari081"",""-- / 0"","""",""12.5"",""1.00 / 1"","""",""12.5"",""1.00 / 1"","""",""12.5"",""1.00 / 1"","""",""12.5"",""1.00 / 1"","""",""12.5"",""1.00 / 1"","""",""12.5"",""1.00 / 1"","""",""12.5"",""1.00 / 1"","""",""12.5"",""1.00 / 1"","""",""https://algassert.com/quirk#circuit=%7B%22cols%22%3A%5B%5B%22H%22%5D%2C%5B1%2C%22H%22%5D%2C%5B1%2C1%2C%22H%22%5D%2C%5B1%2C1%2C%22Z%22%5D%2C%5B%22Y%22%5D%2C%5B%22%E2%80%A2%22%2C%22X%22%5D%5D%7D"",""-- / 0"","""""
"2024/05/24 2:13:27 p. m. EEST,""8.00 / 8"",""Bari027"",""-- / 0"","""",""12.50"",""1.00 / 1"","""",""12.50"",""1.00 / 1"","""",""12.50"",""1.00 / 1"","""",""12.50"",""1.00 / 1"","""",""12.50"",""1.00 / 1"","""",""12.50"",""1.00 / 1"","""",""12.50"",""1.00 / 1"","""",""12.50"",""1.00 / 1"","""",""https://algassert.com/quirk#circuit=%7B%22cols%22%3A%5B%5B%22H%22%5D%2C%5B1%2C%22H%22%5D%2C%5B1%2C1%2C%22H%22%5D%2C%5B1%2C1%2C%22Z%22%5D%2C%5B%22Y%22%5D%2C%5B%22%E2%80%A2%22%2C%22X%22%5D%2C%5B1%2C1%2C%22Measure%22%5D%2C%5B1%2C%22Measure%22%5D%5D%7D"",""-- / 0"","""""
"2024/05/24 2:14:13 p. m. EEST,""8.00 / 8"",""Bari055"",""-- / 0"","""",""12.5"",""1.00 / 1"","""",""12.5"",""1.00 / 1"","""",""12.5"",""1.00 / 1"","""",""12.5"",""1.00 / 1"","""",""12.5"",""1.00 / 1"","""",""12.5"",""1.00 / 1"","""",""12.5"",""1.00 / 1"","""",""12.5"",""1.00 / 1"","""",""https://algassert.com/quirk#circuit=%7B%22cols%22%3A%5B%5B%22H%22%2C%22H%22%2C%22H%22%5D%2C%5B%22Y%22%2C1%2C%22Z%22%5D%2C%5B%22%E2%80%A2%22%2C%22X%22%5D%2C%5B1%2C%22Measure%22%2C%22Measure%22%5D%5D%7D"",""-- / 0"","""""
"2024/05/24 2:14:46 p. m. EEST,""8.00 / 8"",""Bari022"",""-- / 0"","""",""12.5"",""1.00 / 1"","""",""12.5"",""1.00 / 1"","""",""12.5"",""1.00 / 1"","""",""12.5"",""1.00 / 1"","""",""12.5"",""1.00 / 1"","""",""12.5"",""1.00 / 1"","""",""12.5"",""1.00 / 1"","""",""12.5"",""1.00 / 1"","""",""https://algassert.com/quirk#circuit=%7B%22cols%22%3A%5B%5B%22H%22%2C%22H%22%2C%22H%22%5D%2C%5B1%2C1%2C%22Z%22%5D%2C%5B%22Y%22%5D%2C%5B%22%E2%80%A2%22%2C%22X%22%5D%2C%5B1%2C1%2C%22Measure%22%5D%2C%5B1%2C%22Measure%22%5D%5D%7D"",""-- / 0"","""""
"2024/05/24 2:18:49 p. m. EEST,""8.00 / 8"",""Bari082"",""-- / 0"","""",""12.5"",""1.00 / 1"","""",""12.5"",""1.00 / 1"","""",""12.5"",""1.00 / 1"","""",""12.5"",""1.00 / 1"","""",""12.5"",""1.00 / 1"","""",""12.5"",""1.00 / 1"","""",""12.5"",""1.00 / 1"","""",""12.5"",""1.00 / 1"","""",""https://algassert.com/quirk#circuit=%7B%22cols%22%3A%5B%5B%22H%22%2C%22H%22%2C%22H%22%5D%2C%5B%22Y%22%2C1%2C%22Z%22%5D%2C%5B%22%E2%80%A2%22%2C%22X%22%5D%2C%5B1%2C%22Measure%22%2C%22Measure%22%5D%5D%7D"",""-- / 0"","""""
"2024/05/24 2:19:02 p. m. EEST,""8.00 / 8"",""Bari029"",""-- / 0"","""",""12.5"",""1.00 / 1"","""",""12.5"",""1.00 / 1"","""",""12.5"",""1.00 / 1"","""",""12.5"",""1.00 / 1"","""",""12.5"",""1.00 / 1"","""",""12.5"",""1.00 / 1"","""",""12.5"",""1.00 / 1"","""",""12.5"",""1.00 / 1"","""",""https://algassert.com/quirk#circuit=%7B%22cols%22%3A%5B%5B%22H%22%2C%22H%22%2C%22H%22%5D%2C%5B%22Y%22%2C1%2C%22Z%22%5D%2C%5B%22%E2%80%A2%22%2C%22X%22%5D%5D%7D"",""-- / 0"","""""
"2024/05/24 2:19:03 p. m. EEST,""8.00 / 8"",""Bari054"",""-- / 0"","""",""12.5"",""1.00 / 1"","""",""12.5"",""1.00 / 1"","""",""12.5"",""1.00 / 1"","""",""12.5"",""1.00 / 1"","""",""12.5"",""1.00 / 1"","""",""12.5"",""1.00 / 1"","""",""12.5"",""1.00 / 1"","""",""12.5"",""1.00 / 1"","""",""https://algassert.com/quirk#circuit=%7B%22cols%22%3A%5B%5B%22H%22%2C%22H%22%2C%22H%22%5D%2C%5B1%2C1%2C%22Z%22%5D%2C%5B%22Y%22%5D%2C%5B%22%E2%80%A2%22%2C%22Y%22%5D%5D%7D"",""-- / 0"","""""
"2024/05/24 2:19:25 p. m. EEST,""8.00 / 8"",""Bari026"",""-- / 0"","""",""12.5"",""1.00 / 1"","""",""12.5"",""1.00 / 1"","""",""12.5"",""1.00 / 1"","""",""12.5"",""1.00 / 1"","""",""12.5"",""1.00 / 1"","""",""12.5"",""1.00 / 1"","""",""12.5"",""1.00 / 1"","""",""12.5"",""1.00 / 1"","""",""https://algassert.com/quirk#circuit=%7B%22cols%22%3A%5B%5B%22H%22%2C%22H%22%2C%22H%22%5D%2C%5B1%2C1%2C%22Z%22%5D%2C%5B%22Y%22%5D%2C%5B%22%E2%80%A2%22%2C%22X%22%5D%2C%5B1%2C1%2C%22Measure%22%5D%2C%5B1%2C%22Measure%22%5D%5D%7D"",""-- / 0"","""""
"2024/05/24 2:19:46 p. m. EEST,""8.00 / 8"",""Bari057"",""-- / 0"","""",""12.5000"",""1.00 / 1"","""",""12.5000"",""1.00 / 1"","""",""12.5000"",""1.00 / 1"","""",""12.5000"",""1.00 / 1"","""",""12.5000"",""1.00 / 1"","""",""12.5000"",""1.00 / 1"","""",""12.5000"",""1.00 / 1"","""",""12.5000"",""1.00 / 1"","""",""https://algassert.com/quirk#circuit=%7B%22cols%22%3A%5B%5B%22H%22%2C%22H%22%2C%22H%22%5D%2C%5B1%2C1%2C%22Z%22%5D%2C%5B%22Y%22%5D%2C%5B%22%E2%80%A2%22%2C%22X%22%5D%2C%5B1%2C%22Measure%22%2C%22Measure%22%5D%2C%5B1%2C%22Measure%22%2C%22Measure%22%5D%5D%7D"",""-- / 0"","""""
"2024/05/24 2:20:42 p. m. EEST,""8.00 / 8"",""Bari053"",""-- / 0"","""",""12.5"",""1.00 / 1"","""",""12.5"",""1.00 / 1"","""",""12.5"",""1.00 / 1"","""",""12.5"",""1.00 / 1"","""",""12.5"",""1.00 / 1"","""",""12.5"",""1.00 / 1"","""",""12.5"",""1.00 / 1"","""",""12.5"",""1.00 / 1"","""",""https://algassert.com/quirk#circuit=%7B%22cols%22%3A%5B%5B%22H%22%2C%22H%22%2C%22H%22%5D%2C%5B%22Y%22%2C1%2C%22Z%22%5D%2C%5B%22%E2%80%A2%22%2C%22X%22%5D%5D%7D"",""-- / 0"","""""
"2024/05/24 2:21:49 p. m. EEST,""8.00 / 8"",""Bari024"",""-- / 0"","""",""12.5"",""1.00 / 1"","""",""12.5"",""1.00 / 1"","""",""12.5"",""1.00 / 1"","""",""12.5"",""1.00 / 1"","""",""12.5"",""1.00 / 1"","""",""12.5"",""1.00 / 1"","""",""12.5"",""1.00 / 1"","""",""12.5"",""1.00 / 1"","""",""https://algassert.com/quirk#circuit=%7B%22cols%22%3A%5B%5B%22H%22%2C%22H%22%2C%22H%22%5D%2C%5B%22Y%22%2C1%2C%22Z%22%5D%2C%5B%22%E2%80%A2%22%2C%22X%22%5D%5D%7D"",""-- / 0"","""""
"2024/05/24 2:22:08 p. m. EEST,""8.00 / 8"",""Bari101"",""-- / 0"","""",""12.5"",""1.00 / 1"","""",""12.5"",""1.00 / 1"","""",""12.5"",""1.00 / 1"","""",""12.5"",""1.00 / 1"","""",""12.5"",""1.00 / 1"","""",""12.5"",""1.00 / 1"","""",""12.5"",""1.00 / 1"","""",""12.5"",""1.00 / 1"","""",""https://algassert.com/quirk#circuit=%7B%22cols%22%3A%5B%5B%22H%22%2C%22H%22%2C%22H%22%5D%2C%5B1%2C1%2C%22Z%22%5D%2C%5B%22Y%22%5D%2C%5B%22%E2%80%A2%22%2C%22X%22%5D%5D%7D"",""-- / 0"","""""
"2024/05/24 2:22:23 p. m. EEST,""8.00 / 8"",""Bari023"",""-- / 0"","""",""12.5"",""1.00 / 1"","""",""12.5"",""1.00 / 1"","""",""12.5"",""1.00 / 1"","""",""12.5"",""1.00 / 1"","""",""12.5"",""1.00 / 1"","""",""12.5"",""1.00 / 1"","""",""12.5"",""1.00 / 1"","""",""12.5"",""1.00 / 1"","""",""https://algassert.com/quirk#circuit=%7B%22cols%22%3A%5B%5B%22H%22%2C%22H%22%2C%22H%22%5D%2C%5B1%2C1%2C%22Z%22%5D%2C%5B%22Y%22%5D%2C%5B%22%E2%80%A2%22%2C%22X%22%5D%2C%5B1%2C%22Measure%22%2C%22Measure%22%5D%5D%7D"",""-- / 0"","""""
"2024/05/24 2:23:21 p. m. EEST,""8.00 / 8"",""Bari105"",""-- / 0"","""",""12.5"",""1.00 / 1"","""",""12.5"",""1.00 / 1"","""",""12.5"",""1.00 / 1"","""",""12.5"",""1.00 / 1"","""",""12.5"",""1.00 / 1"","""",""12.5"",""1.00 / 1"","""",""12.5"",""1.00 / 1"","""",""12.5"",""1.00 / 1"","""",""https://algassert.com/quirk#circuit=%7B%22cols%22%3A%5B%5B%22H%22%5D%2C%5B1%2C%22H%22%5D%2C%5B1%2C1%2C%22H%22%5D%2C%5B1%2C1%2C%22Z%22%5D%2C%5B%22Y%22%5D%2C%5B%22%E2%80%A2%22%2C%22X%22%5D%5D%7D"",""-- / 0"","""""
"2024/05/24 2:23:32 p. m. EEST,""8.00 / 8"",""Bari042"",""-- / 0"","""",""12.5"",""1.00 / 1"","""",""12.5"",""1.00 / 1"","""",""12.5"",""1.00 / 1"","""",""12.5"",""1.00 / 1"","""",""12.5"",""1.00 / 1"","""",""12.5"",""1.00 / 1"","""",""12.5"",""1.00 / 1"","""",""12.5"",""1.00 / 1"","""",""https://algassert.com/quirk#circuit=%7B%22cols%22%3A%5B%5B%22H%22%5D%2C%5B1%2C%22H%22%5D%2C%5B1%2C1%2C%22H%22%5D%2C%5B1%2C1%2C%22Z%22%5D%2C%5B%22Y%22%5D%2C%5B%22%E2%80%A2%22%2C%22X%22%5D%2C%5B1%2C%22Measure%22%2C%22Measure%22%5D%5D%7D"",""-- / 0"","""""
"2024/05/24 2:23:33 p. m. EEST,""8.00 / 8"",""Bari061"",""-- / 0"","""",""12.50"",""1.00 / 1"","""",""12.50"",""1.00 / 1"","""",""12.50"",""1.00 / 1"","""",""12.50"",""1.00 / 1"","""",""12.50"",""1.00 / 1"","""",""12.50"",""1.00 / 1"","""",""12.50"",""1.00 / 1"","""",""12.50"",""1.00 / 1"","""",""https://algassert.com/quirk#circuit={%22cols%22:[[%22H%22,%22H%22,%22H%22],[%22Y%22,1,%22Z%22],[%22%E2%80%A2%22,%22X%22],[1,%22Measure%22,%22Measure%22]]}"",""-- / 0"","""""
"2024/05/24 2:24:03 p. m. EEST,""8.00 / 8"",""Bari084"",""-- / 0"","""",""12.5"",""1.00 / 1"","""",""12.5"",""1.00 / 1"","""",""12.5"",""1.00 / 1"","""",""12.5"",""1.00 / 1"","""",""12.5"",""1.00 / 1"","""",""12.5"",""1.00 / 1"","""",""12.5"",""1.00 / 1"","""",""12.5"",""1.00 / 1"","""",""https://algassert.com/quirk#circuit=%7B%22cols%22%3A%5B%5B%22H%22%2C%22H%22%2C%22H%22%5D%2C%5B1%2C1%2C%22Z%22%5D%2C%5B%22Y%22%5D%2C%5B%22%E2%80%A2%22%2C%22X%22%5D%5D%7D"",""-- / 0"","""""
"2024/05/24 2:24:43 p. m. EEST,""8.00 / 8"","" Bari043"",""-- / 0"","""",""12.5"",""1.00 / 1"","""",""12.5"",""1.00 / 1"","""",""12.5"",""1.00 / 1"","""",""12.5"",""1.00 / 1"","""",""12.5"",""1.00 / 1"","""",""12.5"",""1.00 / 1"","""",""12.5"",""1.00 / 1"","""",""12.5"",""1.00 / 1"","""",""https://algassert.com/quirk#circuit=%7B%22cols%22%3A%5B%5B%22H%22%5D%2C%5B1%2C%22H%22%5D%2C%5B1%2C1%2C%22H%22%5D%2C%5B1%2C1%2C%22Z%22%5D%2C%5B%22Y%22%5D%2C%5B%22%E2%80%A2%22%2C%22X%22%5D%5D%7D"",""-- / 0"","""""
"2024/05/24 2:25:14 p. m. EEST,""8.00 / 8"",""Bari085"",""-- / 0"","""",""12.5"",""1.00 / 1"","""",""12.5"",""1.00 / 1"","""",""12.5"",""1.00 / 1"","""",""12.5"",""1.00 / 1"","""",""12.5"",""1.00 / 1"","""",""12.5"",""1.00 / 1"","""",""12.5"",""1.00 / 1"","""",""12.5"",""1.00 / 1"","""",""https://algassert.com/quirk#circuit=%7B%22cols%22%3A%5B%5B%22H%22%5D%2C%5B1%2C%22H%22%5D%2C%5B1%2C1%2C%22H%22%5D%2C%5B1%2C1%2C%22Z%22%5D%2C%5B%22Y%22%5D%2C%5B%22%E2%80%A2%22%2C%22X%22%5D%2C%5B1%2C1%2C%22Measure%22%5D%2C%5B1%2C%22Measure%22%5D%5D%7D"",""-- / 0"","""""
"2024/05/24 2:25:26 p. m. EEST,""8.00 / 8"",""Bari099"",""-- / 0"","""",""12.5"",""1.00 / 1"","""",""12.5"",""1.00 / 1"","""",""12.5"",""1.00 / 1"","""",""12.5"",""1.00 / 1"","""",""12.5"",""1.00 / 1"","""",""12.5"",""1.00 / 1"","""",""12.5"",""1.00 / 1"","""",""12.5"",""1.00 / 1"","""",""https://algassert.com/quirk#circuit=%7B%22cols%22%3A%5B%5B%22H%22%5D%2C%5B1%2C%22H%22%5D%2C%5B1%2C1%2C%22H%22%5D%2C%5B1%2C1%2C%22Z%22%5D%2C%5B%22Y%22%5D%2C%5B%22%E2%80%A2%22%2C%22X%22%5D%2C%5B1%2C1%2C%22Measure%22%5D%2C%5B1%2C%22Measure%22%5D%5D%7D"",""-- / 0"","""""
"2024/05/24 2:26:04 p. m. EEST,""8.00 / 8"",""Bari064"",""-- / 0"","""",""12.5"",""1.00 / 1"","""",""12.5"",""1.00 / 1"","""",""12.5"",""1.00 / 1"","""",""12.5"",""1.00 / 1"","""",""12.5"",""1.00 / 1"","""",""12.5"",""1.00 / 1"","""",""12.5"",""1.00 / 1"","""",""12.5"",""1.00 / 1"","""",""https://algassert.com/quirk#circuit=%7B%22cols%22%3A%5B%5B%22H%22%2C%22H%22%2C%22H%22%5D%2C%5B1%2C1%2C%22Z%22%5D%2C%5B%22Y%22%5D%2C%5B%22%E2%80%A2%22%2C%22X%22%5D%5D%7D"",""-- / 0"","""""
"2024/05/24 2:26:48 p. m. EEST,""8.00 / 8"",""Bari038"",""-- / 0"","""",""12.5"",""1.00 / 1"","""",""12.5"",""1.00 / 1"","""",""12.5"",""1.00 / 1"","""",""12.5"",""1.00 / 1"","""",""12.5"",""1.00 / 1"","""",""12.5"",""1.00 / 1"","""",""12.5"",""1.00 / 1"","""",""12.5"",""1.00 / 1"","""",""https://algassert.com/quirk#circuit=%7B%22cols%22%3A%5B%5B%22H%22%2C%22H%22%2C%22H%22%5D%2C%5B1%2C1%2C%22Z%22%5D%2C%5B%22Y%22%5D%2C%5B%22%E2%80%A2%22%2C%22X%22%5D%5D%7D"",""-- / 0"","""""
"2024/05/24 2:27:11 p. m. EEST,""8.00 / 8"",""Bari020"",""-- / 0"","""",""12.50"",""1.00 / 1"","""",""12.50"",""1.00 / 1"","""",""12.50"",""1.00 / 1"","""",""12.50"",""1.00 / 1"","""",""12.50"",""1.00 / 1"","""",""12.50"",""1.00 / 1"","""",""12.50"",""1.00 / 1"","""",""12.50"",""1.00 / 1"","""",""https://algassert.com/quirk#circuit=%7B%22cols%22%3A%5B%5B%22H%22%2C%22H%22%2C%22H%22%5D%2C%5B1%2C1%2C%22Z%22%5D%2C%5B%22Y%22%5D%2C%5B%22%E2%80%A2%22%2C%22X%22%5D%5D%7D"",""-- / 0"","""""
"2024/05/24 2:27:13 p. m. EEST,""8.00 / 8"",""Bari072"",""-- / 0"","""",""12.5"",""1.00 / 1"","""",""12.5"",""1.00 / 1"","""",""12.5"",""1.00 / 1"","""",""12.5"",""1.00 / 1"","""",""12.5"",""1.00 / 1"","""",""12.5"",""1.00 / 1"","""",""12.5"",""1.00 / 1"","""",""12.5"",""1.00 / 1"","""",""https://algassert.com/quirk#circuit=%7B%22cols%22%3A%5B%5B%22H%22%2C%22H%22%2C%22H%22%5D%2C%5B%22Y%22%2C1%2C%22Z%22%5D%2C%5B%22%E2%80%A2%22%2C%22X%22%5D%2C%5B1%2C%22Measure%22%2C%22Measure%22%5D%5D%7D"",""-- / 0"","""""
"2024/05/24 2:27:22 p. m. EEST,""8.00 / 8"",""Bari097"",""-- / 0"","""",""12.50"",""1.00 / 1"","""",""12.50"",""1.00 / 1"","""",""12.50"",""1.00 / 1"","""",""12.50"",""1.00 / 1"","""",""12.50"",""1.00 / 1"","""",""12.50"",""1.00 / 1"","""",""12.50"",""1.00 / 1"","""",""12.50"",""1.00 / 1"","""",""https://algassert.com/quirk#circuit=%7B%22cols%22%3A%5B%5B%22H%22%5D%2C%5B1%2C%22H%22%5D%2C%5B1%2C1%2C%22H%22%5D%2C%5B1%2C1%2C%22Z%22%5D%2C%5B%22Y%22%5D%2C%5B%22%E2%80%A2%22%2C%22X%22%5D%5D%7D"",""-- / 0"","""""
"2024/05/24 2:27:53 p. m. EEST,""8.00 / 8"",""Bari094"",""-- / 0"","""",""12.5"",""1.00 / 1"","""",""12.5"",""1.00 / 1"","""",""12.5"",""1.00 / 1"","""",""12.5"",""1.00 / 1"","""",""12.5"",""1.00 / 1"","""",""12.5"",""1.00 / 1"","""",""12.5"",""1.00 / 1"","""",""12.5"",""1.00 / 1"","""",""https://algassert.com/quirk#circuit=%7B%22cols%22%3A%5B%5B%22H%22%5D%2C%5B1%2C%22H%22%5D%2C%5B1%2C1%2C%22H%22%5D%2C%5B1%2C1%2C%22Z%22%5D%2C%5B%22Y%22%5D%2C%5B%22%E2%80%A2%22%2C%22X%22%5D%2C%5B1%2C1%2C%22Measure%22%5D%2C%5B1%2C%22Measure%22%5D%5D%7D"",""-- / 0"","""""
"2024/05/24 2:28:00 p. m. EEST,""8.00 / 8"",""Bari076"",""-- / 0"","""",""12.5"",""1.00 / 1"","""",""12.5"",""1.00 / 1"","""",""12.5"",""1.00 / 1"","""",""12.5"",""1.00 / 1"","""",""12.5"",""1.00 / 1"","""",""12.5"",""1.00 / 1"","""",""12.5"",""1.00 / 1"","""",""12.5"",""1.00 / 1"","""",""https://algassert.com/quirk#circuit=%7B%22cols%22%3A%5B%5B%22H%22%2C%22H%22%2C%22H%22%5D%2C%5B1%2C1%2C%22Z%22%5D%2C%5B%22Y%22%5D%2C%5B%22%E2%80%A2%22%2C%22X%22%5D%2C%5B1%2C1%2C%22Measure%22%5D%2C%5B%22Measure%22%5D%5D%7D"",""-- / 0"","""""
"2024/05/24 2:29:32 p. m. EEST,""8.00 / 8"",""Bari107"",""-- / 0"","""",""12.5"",""1.00 / 1"","""",""12.5"",""1.00 / 1"","""",""12.5"",""1.00 / 1"","""",""12.5"",""1.00 / 1"","""",""12.5"",""1.00 / 1"","""",""12.5"",""1.00 / 1"","""",""12.5"",""1.00 / 1"","""",""12.5"",""1.00 / 1"","""",""https://algassert.com/quirk#circuit=%7B%22cols%22%3A%5B%5B%22H%22%5D%2C%5B1%2C%22H%22%5D%2C%5B1%2C1%2C%22H%22%5D%2C%5B1%2C1%2C%22Z%22%5D%2C%5B%22Y%22%5D%2C%5B%22%E2%80%A2%22%2C%22X%22%5D%5D%7D"",""-- / 0"","""""
"2024/05/24 2:29:35 p. m. EEST,""8.00 / 8"",""Bari075"",""-- / 0"","""",""12.5"",""1.00 / 1"","""",""12.5"",""1.00 / 1"","""",""12.5"",""1.00 / 1"","""",""12.5"",""1.00 / 1"","""",""12.5"",""1.00 / 1"","""",""12.5"",""1.00 / 1"","""",""12.5"",""1.00 / 1"","""",""12.5"",""1.00 / 1"","""",""https://algassert.com/quirk#circuit=%7B%22cols%22%3A%5B%5B%22H%22%2C%22H%22%2C%22H%22%5D%2C%5B1%2C1%2C%22Z%22%5D%2C%5B%22Y%22%5D%2C%5B%22%E2%80%A2%22%2C%22X%22%5D%2C%5B1%2C%22Measure%22%2C%22Measure%22%5D%2C%5B1%2C%22Measure%22%2C%22Measure%22%5D%5D%7D"",""-- / 0"","""""
"2024/05/24 2:29:44 p. m. EEST,""8.00 / 8"",""045"",""-- / 0"","""",""12.5000"",""1.00 / 1"","""",""12.5000"",""1.00 / 1"","""",""12.5000"",""1.00 / 1"","""",""12.5000"",""1.00 / 1"","""",""12.5000"",""1.00 / 1"","""",""12.5000"",""1.00 / 1"","""",""12.5000"",""1.00 / 1"","""",""12.5000"",""1.00 / 1"","""",""https://algassert.com/quirk#circuit=%7B%22cols%22%3A%5B%5B%22H%22%2C%22H%22%2C%22H%22%5D%2C%5B1%2C1%2C%22Z%22%5D%2C%5B%22Y%22%5D%2C%5B%22%E2%80%A2%22%2C%22X%22%5D%2C%5B1%2C%22Measure%22%2C%22Measure%22%5D%5D%7D"",""-- / 0"","""""
"2024/05/24 2:31:02 p. m. EEST,""8.00 / 8"",""Bari019"",""-- / 0"","""",""12.5"",""1.00 / 1"","""",""12.5"",""1.00 / 1"","""",""12.5"",""1.00 / 1"","""",""12.5"",""1.00 / 1"","""",""12.5"",""1.00 / 1"","""",""12.5"",""1.00 / 1"","""",""12.5"",""1.00 / 1"","""",""12.5"",""1.00 / 1"","""",""https://algassert.com/quirk#circuit=%7B%22cols%22%3A%5B%5B%22H%22%2C%22H%22%2C%22H%22%5D%2C%5B1%2C1%2C%22Z%22%5D%2C%5B%22Y%22%5D%2C%5B%22%E2%80%A2%22%2C%22X%22%5D%2C%5B%22Measure%22%2C1%2C%22Measure%22%5D%5D%7D"",""-- / 0"","""""
"2024/05/24 2:31:41 p. m. EEST,""8.00 / 8"",""Bari102"",""-- / 0"","""",""12.5"",""1.00 / 1"","""",""12.5"",""1.00 / 1"","""",""12.5"",""1.00 / 1"","""",""12.5"",""1.00 / 1"","""",""12.5"",""1.00 / 1"","""",""12.5"",""1.00 / 1"","""",""12.5"",""1.00 / 1"","""",""12.5"",""1.00 / 1"","""",""https://algassert.com/quirk#circuit=%7B%22cols%22%3A%5B%5B%22H%22%2C%22H%22%2C%22H%22%5D%2C%5B1%2C1%2C%22Z%22%5D%2C%5B%22Y%22%5D%2C%5B%22%E2%80%A2%22%2C%22X%22%5D%5D%7D"",""-- / 0"","""""
"2024/05/24 2:32:54 p. m. EEST,""8.00 / 8"",""Bari100"",""-- / 0"","""",""12.5"",""1.00 / 1"","""",""12.5"",""1.00 / 1"","""",""12.5"",""1.00 / 1"","""",""12.5"",""1.00 / 1"","""",""12.5"",""1.00 / 1"","""",""12.5"",""1.00 / 1"","""",""12.5"",""1.00 / 1"","""",""12.5"",""1.00 / 1"","""",""https://algassert.com/quirk#circuit=%7B%22cols%22%3A%5B%5B%22H%22%2C%22H%22%2C%22H%22%5D%2C%5B%22Y%22%2C1%2C%22Z%22%5D%2C%5B%22%E2%80%A2%22%2C%22X%22%5D%5D%7D"",""-- / 0"","""""
"2024/05/24 2:33:12 p. m. EEST,""8.00 / 8"",""Bari074"",""-- / 0"","""",""12.5"",""1.00 / 1"","""",""12.5"",""1.00 / 1"","""",""12.5"",""1.00 / 1"","""",""12.5"",""1.00 / 1"","""",""12.5"",""1.00 / 1"","""",""12.5"",""1.00 / 1"","""",""12.5"",""1.00 / 1"","""",""12.5"",""1.00 / 1"","""",""https://algassert.com/quirk#circuit=%7B%22cols%22%3A%5B%5B%22H%22%2C%22H%22%2C%22H%22%5D%2C%5B1%2C1%2C%22Z%22%5D%2C%5B%22Y%22%5D%2C%5B%22%E2%80%A2%22%2C%22X%22%5D%5D%7D"",""-- / 0"","""""
"2024/05/24 2:33:33 p. m. EEST,""8.00 / 8"",""Bari075"",""-- / 0"","""",""12.5"",""1.00 / 1"","""",""12.5"",""1.00 / 1"","""",""12.5"",""1.00 / 1"","""",""12.5"",""1.00 / 1"","""",""12.5"",""1.00 / 1"","""",""12.5"",""1.00 / 1"","""",""12.5"",""1.00 / 1"","""",""12.5"",""1.00 / 1"","""",""https://algassert.com/quirk#circuit=%7B%22cols%22%3A%5B%5B%22H%22%2C%22H%22%2C%22H%22%5D%2C%5B1%2C1%2C%22Z%22%5D%2C%5B%22Y%22%5D%2C%5B%22%E2%80%A2%22%2C%22X%22%5D%5D%7D"",""-- / 0"","""""
"2024/05/24 2:34:33 p. m. EEST,""8.00 / 8"",""Bari046"",""-- / 0"","""",""12.5"",""1.00 / 1"","""",""12.5"",""1.00 / 1"","""",""12.5"",""1.00 / 1"","""",""12.5"",""1.00 / 1"","""",""12.5"",""1.00 / 1"","""",""12.5"",""1.00 / 1"","""",""12.5"",""1.00 / 1"","""",""12.5"",""1.00 / 1"","""",""https://algassert.com/quirk#circuit=%7B%22cols%22%3A%5B%5B%22H%22%2C%22H%22%2C%22H%22%5D%2C%5B1%2C1%2C%22Z%22%5D%2C%5B%22Y%22%5D%2C%5B%22%E2%80%A2%22%2C%22X%22%5D%2C%5B1%2C1%2C%22Measure%22%5D%2C%5B1%2C%22Measure%22%5D%5D%7D"",""-- / 0"","""""
"2024/05/24 2:34:36 p. m. EEST,""8.00 / 8"",""Bari118"",""-- / 0"","""",""12.5"",""1.00 / 1"","""",""12.5"",""1.00 / 1"","""",""12.5"",""1.00 / 1"","""",""12.5"",""1.00 / 1"","""",""12.5"",""1.00 / 1"","""",""12.5"",""1.00 / 1"","""",""12.5"",""1.00 / 1"","""",""12.5"",""1.00 / 1"","""",""https://algassert.com/quirk#circuit=%7B%22cols%22%3A%5B%5B%22H%22%2C%22H%22%2C%22H%22%5D%2C%5B1%2C1%2C%22Z%22%5D%2C%5B%22Y%22%5D%2C%5B%22%E2%80%A2%22%2C%22X%22%5D%2C%5B1%2C%22Measure%22%2C%22Measure%22%5D%5D%7D"",""-- / 0"","""""
"2024/05/24 2:34:58 p. m. EEST,""8.00 / 8"",""Bari065"",""-- / 0"","""",""12.50"",""1.00 / 1"","""",""12.50"",""1.00 / 1"","""",""12.50"",""1.00 / 1"","""",""12.50"",""1.00 / 1"","""",""12.50"",""1.00 / 1"","""",""12.50"",""1.00 / 1"","""",""12.50"",""1.00 / 1"","""",""12.50"",""1.00 / 1"","""",""https://algassert.com/quirk#circuit=%7B%22cols%22%3A%5B%5B%22H%22%5D%2C%5B1%2C%22H%22%5D%2C%5B1%2C1%2C%22H%22%5D%2C%5B1%2C1%2C%22Z%22%5D%2C%5B%22Y%22%5D%2C%5B%22%E2%80%A2%22%2C%22X%22%5D%5D%7D"",""-- / 0"","""""
"2024/05/24 2:35:39 p. m. EEST,""8.00 / 8"",""Bari121"",""-- / 0"","""",""12.5"",""1.00 / 1"","""",""12.5"",""1.00 / 1"","""",""12.5"",""1.00 / 1"","""",""12.5"",""1.00 / 1"","""",""12.5"",""1.00 / 1"","""",""12.5"",""1.00 / 1"","""",""12.5"",""1.00 / 1"","""",""12.5"",""1.00 / 1"","""",""https://algassert.com/quirk#circuit=%7B%22cols%22%3A%5B%5B%22H%22%2C%22H%22%2C%22H%22%5D%2C%5B%22Y%22%2C1%2C%22Z%22%5D%2C%5B%22%E2%80%A2%22%2C%22X%22%5D%5D%7D"",""-- / 0"","""""
"2024/05/24 2:35:47 p. m. EEST,""8.00 / 8"",""Bari078"",""-- / 0"","""",""12.5"",""1.00 / 1"","""",""12.5"",""1.00 / 1"","""",""12.5"",""1.00 / 1"","""",""12.5"",""1.00 / 1"","""",""12.5"",""1.00 / 1"","""",""12.5"",""1.00 / 1"","""",""12.5"",""1.00 / 1"","""",""12.5"",""1.00 / 1"","""",""https://algassert.com/quirk#circuit=%7B%22cols%22%3A%5B%5B%22H%22%5D%2C%5B1%2C%22H%22%5D%2C%5B1%2C1%2C %22H%22%5D%2C%5B1%2C1%2C%22Z%22%5D%2C%5B%22Y%22%5D%2C%5B%22%E2%80%A2%22%2C%22X%22 %5D%5D%7D"",""-- / 0"","""""
"2024/05/24 2:35:51 p. m. EEST,""8.00 / 8"",""Bari089"",""-- / 0"","""",""12.5"",""1.00 / 1"","""",""12.5"",""1.00 / 1"","""",""12.5"",""1.00 / 1"","""",""12.5"",""1.00 / 1"","""",""12.5"",""1.00 / 1"","""",""12.5"",""1.00 / 1"","""",""12.5"",""1.00 / 1"","""",""12.5"",""1.00 / 1"","""",""https://algassert.com/quirk#circuit=%7B%22cols%22%3A%5B%5B%22H%22%2C%22H%22%2C%22H%22%5D%2C%5B1%2C1%2C%22Z%22%5D%2C%5B1%2C1%2C%22Y%22%5D%2C%5B%22%E2%80%A2%22%2C%22X%22%5D%2C%5B1%2C%22Measure%22%2C%22Measure%22%5D%5D%7D"",""-- / 0"","""""
"2024/05/24 2:35:58 p. m. EEST,""8.00 / 8"",""Bari092"",""-- / 0"","""",""12.5000"",""1.00 / 1"","""",""12.5000"",""1.00 / 1"","""",""12.5000"",""1.00 / 1"","""",""12.5000"",""1.00 / 1"","""",""12.5000"",""1.00 / 1"","""",""12.5000"",""1.00 / 1"","""",""12.5000"",""1.00 / 1"","""",""12.5000"",""1.00 / 1"","""",""https://algassert.com/quirk#circuit=%7B%22cols%22%3A%5B%5B%22H%22%2C%22H%22%2C%22H%22%5D%2C%5B%22Y%22%2C1%2C%22Z%22%5D%2C%5B%22%E2%80%A2%22%2C%22X%22%5D%5D%7D"",""-- / 0"","""""
"2024/05/24 2:36:57 p. m. EEST,""8.00 / 8"",""Bari039"",""-- / 0"","""",""12.5"",""1.00 / 1"","""",""12.5"",""1.00 / 1"","""",""12.5"",""1.00 / 1"","""",""12.5"",""1.00 / 1"","""",""12.5"",""1.00 / 1"","""",""12.5"",""1.00 / 1"","""",""12.5"",""1.00 / 1"","""",""12.5"",""1.00 / 1"","""",""https://algassert.com/quirk#circuit=%7B%22cols%22%3A%5B%5B%22H%22%2C%22H%22%2C%22H%22%5D%2C%5B1%2C1%2C%22Z%22%5D%2C%5B%22Y%22%5D%2C%5B%22%E2%80%A2%22%2C%22X%22%5D%5D%7D"",""-- / 0"","""""
"2024/05/24 2:36:57 p. m. EEST,""8.00 / 8"",""Bari040"",""-- / 0"","""",""12.5"",""1.00 / 1"","""",""12.5"",""1.00 / 1"","""",""12.5"",""1.00 / 1"","""",""12.5"",""1.00 / 1"","""",""12.5"",""1.00 / 1"","""",""12.5"",""1.00 / 1"","""",""12.5"",""1.00 / 1"","""",""12.5"",""1.00 / 1"","""",""https://algassert.com/quirk#circuit=%7B%22cols%22%3A%5B%5B%22H%22%2C%22H%22%2C%22H%22%5D%2C%5B%22Y%22%2C1%2C%22Z%22%5D%2C%5B%22%E2%80%A2%22%2C%22X%22%5D%5D%7D"",""-- / 0"","""""
"2024/05/24 2:36:57 p. m. EEST,""8.00 / 8"",""Bari098"",""-- / 0"","""",""12.50"",""1.00 / 1"","""",""12.50"",""1.00 / 1"","""",""12.50"",""1.00 / 1"","""",""12.50"",""1.00 / 1"","""",""12.50"",""1.00 / 1"","""",""12.50"",""1.00 / 1"","""",""12.50"",""1.00 / 1"","""",""12.50"",""1.00 / 1"","""",""https://algassert.com/quirk#circuit=%7B%22cols%22%3A%5B%5B%22H%22%2C%22H%22%2C%22H%22%5D%2C%5B1%2C1%2C%22Z%22%5D%2C%5B%22Y%22%5D%2C%5B%22%E2%80%A2%22%2C%22X%22%5D%2C%5B1%2C%22Measure%22%2C%22Measure%22%5D%5D%7D"",""-- / 0"","""""
"2024/05/24 2:37:26 p. m. EEST,""8.00 / 8"",""Bari034"",""-- / 0"","""",""12.5"",""1.00 / 1"","""",""12.5"",""1.00 / 1"","""",""12.5"",""1.00 / 1"","""",""12.5"",""1.00 / 1"","""",""12.5"",""1.00 / 1"","""",""12.5"",""1.00 / 1"","""",""12.5"",""1.00 / 1"","""",""12.5"",""1.00 / 1"","""",""https://algassert.com/quirk#circuit=%7B%22cols%22%3A%5B%5B%22H%22%2C%22H%22%2C%22H%22%5D%2C%5B1%2C1%2C%22Z%22%5D%2C%5B%22Y%22%5D%2C%5B%22%E2%80%A2%22%2C%22X%22%5D%5D%7D"",""-- / 0"","""""
"2024/05/24 2:37:56 p. m. EEST,""8.00 / 8"",""Bari041"",""-- / 0"","""",""12.5"",""1.00 / 1"","""",""12.5"",""1.00 / 1"","""",""12.5"",""1.00 / 1"","""",""12.5"",""1.00 / 1"","""",""12.5"",""1.00 / 1"","""",""12.5"",""1.00 / 1"","""",""12.5"",""1.00 / 1"","""",""12.5"",""1.00 / 1"","""",""https://algassert.com/quirk#circuit=%7B%22cols%22%3A%5B%5B%22H%22%2C%22H%22%2C%22H%22%5D%2C%5B1%2C1%2C%22Z%22%5D%2C%5B%22Y%22%5D%2C%5B%22%E2%80%A2%22%2C%22X%22%5D%5D%7D"",""-- / 0"","""""
"2024/05/24 2:37:57 p. m. EEST,""8.00 / 8"",""Bari109"",""-- / 0"","""",""12.5"",""1.00 / 1"","""",""12.5"",""1.00 / 1"","""",""12.5"",""1.00 / 1"","""",""12.5"",""1.00 / 1"","""",""12.5"",""1.00 / 1"","""",""12.5"",""1.00 / 1"","""",""12.5"",""1.00 / 1"","""",""12.5"",""1.00 / 1"","""",""https://algassert.com/quirk#circuit=%7B%22cols%22%3A%5B%5B%22H%22%2C%22H%22%2C%22H%22%5D%2C%5B%22Y%22%2C1%2C%22Z%22%5D%2C%5B%22%E2%80%A2%22%2C%22X%22%5D%5D%7D"",""-- / 0"","""""
"2024/05/24 2:38:03 p. m. EEST,""8.00 / 8"",""Bari062"",""-- / 0"","""",""12.5"",""1.00 / 1"","""",""12.5"",""1.00 / 1"","""",""12.5"",""1.00 / 1"","""",""12.5"",""1.00 / 1"","""",""12.5"",""1.00 / 1"","""",""12.5"",""1.00 / 1"","""",""12.5"",""1.00 / 1"","""",""12.5"",""1.00 / 1"","""",""https://algassert.com/quirk#circuit=%7B%22cols%22%3A%5B%5B%22H%22%5D%2C%5B1%2C%22H%22%5D%2C%5B1%2C1%2C%22H%22%5D%2C%5B1%2C1%2C%22Z%22%5D%2C%5B%22Y%22%5D%2C%5B%22%E2%80%A2%22%2C%22X%22%5D%5D%7D"",""-- / 0"","""""
"2024/05/24 2:38:21 p. m. EEST,""8.00 / 8"",""Bari108"",""-- / 0"","""",""12.5"",""1.00 / 1"","""",""12.5"",""1.00 / 1"","""",""12.5"",""1.00 / 1"","""",""12.5"",""1.00 / 1"","""",""12.5"",""1.00 / 1"","""",""12.5"",""1.00 / 1"","""",""12.5"",""1.00 / 1"","""",""12.5"",""1.00 / 1"","""",""https://algassert.com/quirk#circuit=%7B%22cols%22%3A%5B%5B%22H%22%5D%2C%5B1%2C%22H%22%5D%2C%5B1%2C1%2C%22H%22%5D%2C%5B1%2C1%2C%22Z%22%5D%2C%5B%22Y%22%5D%2C%5B%22%E2%80%A2%22%2C%22X%22%5D%5D%7D"",""-- / 0"","""""
"2024/05/24 2:39:16 p. m. EEST,""8.00 / 8"",""Bari049"",""-- / 0"","""",""12.5"",""1.00 / 1"","""",""12.5"",""1.00 / 1"","""",""12.5"",""1.00 / 1"","""",""12.5"",""1.00 / 1"","""",""12.5"",""1.00 / 1"","""",""12.5"",""1.00 / 1"","""",""12.5"",""1.00 / 1"","""",""12.5"",""1.00 / 1"","""",""https://algassert.com/quirk#circuit=%7B%22cols%22%3A%5B%5B%22H%22%2C%22H%22%2C%22H%22%5D%2C%5B%22Y%22%2C1%2C%22Z%22%5D%2C%5B%22%E2%80%A2%22%2C%22X%22%5D%5D%7D"",""-- / 0"","""""
"2024/05/24 2:39:56 p. m. EEST,""8.00 / 8"",""Bari063"",""-- / 0"","""",""12.5"",""1.00 / 1"","""",""12.5"",""1.00 / 1"","""",""12.5"",""1.00 / 1"","""",""12.5"",""1.00 / 1"","""",""12.5"",""1.00 / 1"","""",""12.5"",""1.00 / 1"","""",""12.5"",""1.00 / 1"","""",""12.5"",""1.00 / 1"","""",""https://algassert.com/quirk#circuit=%7B%22cols%22%3A%5B%5B%22H%22%2C%22H%22%2C%22H%22%5D%2C%5B1%2C1%2C%22Z%22%5D%2C%5B%22Y%22%5D%2C%5B%22%E2%80%A2%22%2C%22X%22%5D%5D%7D"",""-- / 0"","""""
"2024/05/24 2:39:58 p. m. EEST,""8.00 / 8"",""Bari044"",""-- / 0"","""",""12.5"",""1.00 / 1"","""",""12.5"",""1.00 / 1"","""",""12.5"",""1.00 / 1"","""",""12.5"",""1.00 / 1"","""",""12.5"",""1.00 / 1"","""",""12.5"",""1.00 / 1"","""",""12.5"",""1.00 / 1"","""",""12.5"",""1.00 / 1"","""",""https://algassert.com/quirk#circuit=%7B%22cols%22%3A%5B%5B%22H%22%5D%2C%5B1%2C%22H%22%5D%2C%5B1%2C1%2C%22H%22%5D%2C%5B1%2C1%2C%22Z%22%5D%2C%5B%22Y%22%5D%2C%5B%22%E2%80%A2%22%2C%22X%22%5D%5D%7D"",""-- / 0"","""""
"2024/05/24 2:40:11 p. m. EEST,""8.00 / 8"",""Bari075"",""-- / 0"","""",""12.5"",""1.00 / 1"","""",""12.5"",""1.00 / 1"","""",""12.5"",""1.00 / 1"","""",""12.5"",""1.00 / 1"","""",""12.5"",""1.00 / 1"","""",""12.5"",""1.00 / 1"","""",""12.5"",""1.00 / 1"","""",""12.5"",""1.00 / 1"","""",""https://algassert.com/quirk#circuit=%7B%22cols%22%3A%5B%5B%22H%22%2C%22H%22%2C%22H%22%5D%2C%5B1%2C1%2C%22Z%22%5D%2C%5B%22Y%22%5D%2C%5B%22%E2%80%A2%22%2C%22X%22%5D%5D%7D"",""-- / 0"","""""
"2024/05/24 2:40:14 p. m. EEST,""8.00 / 8"",""Bari069"",""-- / 0"","""",""12.5"",""1.00 / 1"","""",""12.5"",""1.00 / 1"","""",""12.5"",""1.00 / 1"","""",""12.5"",""1.00 / 1"","""",""12.5"",""1.00 / 1"","""",""12.5"",""1.00 / 1"","""",""12.5"",""1.00 / 1"","""",""12.5"",""1.00 / 1"","""",""https://algassert.com/quirk#circuit=%7B%22cols%22%3A%5B%5B%22H%22%2C%22H%22%2C%22H%22%5D%2C%5B1%2C1%2C%22Z%22%5D%2C%5B%22Y%22%5D%2C%5B%22%E2%80%A2%22%2C%22X%22%5D%2C%5B1%2C%22Measure%22%2C%22Measure%22%5D%5D%7D"",""-- / 0"","""""
"2024/05/24 2:40:46 p. m. EEST,""8.00 / 8"","" Bari093"",""-- / 0"","""",""12.5"",""1.00 / 1"","""",""12.5"",""1.00 / 1"","""",""12.5"",""1.00 / 1"","""",""12.5"",""1.00 / 1"","""",""12.5"",""1.00 / 1"","""",""12.5"",""1.00 / 1"","""",""12.5"",""1.00 / 1"","""",""12.5"",""1.00 / 1"","""",""https://algassert.com/quirk#circuit=%7B%22cols%22%3A%5B%5B%22H%22%5D%2C%5B1%2C%22H%22%5D%2C%5B1%2C1%2C%22H%22%5D%2C%5B1%2C1%2C%22Z%22%5D%2C%5B%22Y%22%5D%2C%5B%22%E2%80%A2%22%2C%22X%22%5D%5D%7D"",""-- / 0"","""""
"2024/05/24 2:41:17 p. m. EEST,""8.00 / 8"",""Bari108"",""-- / 0"","""",""12.5"",""1.00 / 1"","""",""12.5"",""1.00 / 1"","""",""12.5"",""1.00 / 1"","""",""12.5"",""1.00 / 1"","""",""12.5"",""1.00 / 1"","""",""12.5"",""1.00 / 1"","""",""12.5"",""1.00 / 1"","""",""12.5"",""1.00 / 1"","""",""https://algassert.com/quirk#circuit=%7B%22cols%22%3A%5B%5B%22H%22%5D%2C%5B1%2C%22H%22%5D%2C%5B1%2C1%2C%22H%22%5D%2C%5B1%2C1%2C%22Z%22%5D%2C%5B%22Y%22%5D%2C%5B%22%E2%80%A2%22%2C%22X%22%5D%5D%7D"",""-- / 0"","""""
"2024/05/24 2:41:43 p. m. EEST,""8.00 / 8"",""Bari095"",""-- / 0"","""",""12.5"",""1.00 / 1"","""",""12.5"",""1.00 / 1"","""",""12.5"",""1.00 / 1"","""",""12.5"",""1.00 / 1"","""",""12.5"",""1.00 / 1"","""",""12.5"",""1.00 / 1"","""",""12.5"",""1.00 / 1"","""",""12.5"",""1.00 / 1"","""",""https://algassert.com/quirk#circuit=%7B%22cols%22%3A%5B%5B%22H%22%2C%22H%22%2C%22H%22%5D%2C%5B%22Y%22%2C1%2C%22Z%22%5D%2C%5B%22%E2%80%A2%22%2C%22X%22%5D%5D%7D"",""-- / 0"","""""
"2024/05/24 2:43:27 p. m. EEST,""8.00 / 8"",""Bari036"",""-- / 0"","""",""12.5"",""1.00 / 1"","""",""12.5"",""1.00 / 1"","""",""12.5"",""1.00 / 1"","""",""12.5"",""1.00 / 1"","""",""12.5"",""1.00 / 1"","""",""12.5"",""1.00 / 1"","""",""12.5"",""1.00 / 1"","""",""12.5"",""1.00 / 1"","""",""https://algassert.com/quirk#circuit=%7B%22cols%22%3A%5B%5B%22H%22%2C%22H%22%2C%22H%22%5D%2C%5B1%2C1%2C%22Z%22%5D%2C%5B1%2C1%2C%22Y%22%5D%2C%5B%22%E2%80%A2%22%2C%22X%22%5D%5D%7D"",""-- / 0"","""""
"2024/05/24 2:43:29 p. m. EEST,""8.00 / 8"",""Bari030"",""-- / 0"","""",""12.5"",""1.00 / 1"","""",""12.5"",""1.00 / 1"","""",""12.5"",""1.00 / 1"","""",""12.5"",""1.00 / 1"","""",""12.5"",""1.00 / 1"","""",""12.5"",""1.00 / 1"","""",""12.5"",""1.00 / 1"","""",""12.5"",""1.00 / 1"","""",""https://algassert.com/quirk#circuit=%7B%22cols%22%3A%5B%5B%22H%22%5D%2C%5B1%2C%22H%22%5D%2C%5B1%2C1%2C%22H%22%5D%2C%5B1%2C1%2C%22Z%22%5D%2C%5B%22Y%22%5D%2C%5B%22%E2%80%A2%22%2C%22X%22%5D%5D%7D"",""-- / 0"","""""
"2024/05/24 2:43:36 p. m. EEST,""8.00 / 8"",""Bari033"",""-- / 0"","""",""12.5"",""1.00 / 1"","""",""12.5"",""1.00 / 1"","""",""12.5"",""1.00 / 1"","""",""12.5"",""1.00 / 1"","""",""12.5"",""1.00 / 1"","""",""12.5"",""1.00 / 1"","""",""12.5"",""1.00 / 1"","""",""12.5"",""1.00 / 1"","""",""https://algassert.com/quirk#circuit=%7B%22cols%22%3A%5B%5B%22H%22%2C%22H%22%2C%22H%22%5D%2C%5B1%2C1%2C%22Z%22%5D%2C%5B1%2C1%2C%22Y%22%5D%2C%5B%22%E2%80%A2%22%2C%22X%22%5D%5D%7D"",""-- / 0"","""""
"2024/05/24 2:44:52 p. m. EEST,""8.00 / 8"",""Bari035"",""-- / 0"","""",""12.5"",""1.00 / 1"","""",""12.5"",""1.00 / 1"","""",""12.5"",""1.00 / 1"","""",""12.5"",""1.00 / 1"","""",""12.5"",""1.00 / 1"","""",""12.5"",""1.00 / 1"","""",""12.5"",""1.00 / 1"","""",""12.5"",""1.00 / 1"","""",""https://algassert.com/quirk#circuit=%7B%22cols%22%3A%5B%5B%22H%22%2C%22H%22%2C%22H%22%5D%2C%5B1%2C1%2C%22Z%22%5D%2C%5B1%2C1%2C%22Y%22%5D%2C%5B%22%E2%80%A2%22%2C%22X%22%5D%5D%7D"",""-- / 0"","""""
"2024/05/24 2:46:31 p. m. EEST,""8.00 / 8"",""Bari037"",""-- / 0"","""",""12.5"",""1.00 / 1"","""",""12.5"",""1.00 / 1"","""",""12.5"",""1.00 / 1"","""",""12.5"",""1.00 / 1"","""",""12.5"",""1.00 / 1"","""",""12.5"",""1.00 / 1"","""",""12.5"",""1.00 / 1"","""",""12.5"",""1.00 / 1"","""",""https://algassert.com/quirk#circuit=%7B%22cols%22%3A%5B%5B%22H%22%5D%2C%5B1%2C%22H%22%5D%2C%5B1%2C1%2C%22H%22%5D%2C%5B1%2C1%2C%22Z%22%5D%2C%5B%22Y%22%5D%2C%5B%22%E2%80%A2%22%2C%22X%22%5D%5D%7D"",""-- / 0"","""""
"2024/05/24 2:46:46 p. m. EEST,""8.00 / 8"",""Bari073"",""-- / 0"","""",""12.5"",""1.00 / 1"","""",""12.5"",""1.00 / 1"","""",""12.5"",""1.00 / 1"","""",""12.5"",""1.00 / 1"","""",""12.5"",""1.00 / 1"","""",""12.5"",""1.00 / 1"","""",""12.5"",""1.00 / 1"","""",""12.5"",""1.00 / 1"","""",""https://algassert.com/quirk#circuit=%7B%22cols%22%3A%5B%5B%22H%22%2C%22H%22%2C%22H%22%5D%2C%5B1%2C1%2C%22Z%22%5D%2C%5B%22Y%22%5D%2C%5B%22%E2%80%A2%22%2C%22X%22%5D%5D%7D"",""-- / 0"","""""
"2024/05/24 2:47:07 p. m. EEST,""8.00 / 8"",""Bari083"",""-- / 0"","""",""12.5000"",""1.00 / 1"","""",""12.5000"",""1.00 / 1"","""",""12.5000"",""1.00 / 1"","""",""12.5000"",""1.00 / 1"","""",""12.5000"",""1.00 / 1"","""",""12.5000"",""1.00 / 1"","""",""12.5000"",""1.00 / 1"","""",""12.5000"",""1.00 / 1"","""",""https://algassert.com/quirk#circuit=%7B%22cols%22%3A%5B%5B%22H%22%5D%2C%5B1%2C%22H%22%5D%2C%5B1%2C1%2C%22H%22%5D%2C%5B1%2C1%2C%22Z%22%5D%2C%5B%22Y%22%5D%2C%5B%22%E2%80%A2%22%2C%22X%22%5D%5D%7D"",""-- / 0"","""""
"2024/05/24 2:48:19 p. m. EEST,""8.00 / 8"",""Bari119"",""-- / 0"","""",""12.5"",""1.00 / 1"","""",""12.5"",""1.00 / 1"","""",""12.5"",""1.00 / 1"","""",""12.5"",""1.00 / 1"","""",""12.5"",""1.00 / 1"","""",""12.5"",""1.00 / 1"","""",""12.5"",""1.00 / 1"","""",""12.5"",""1.00 / 1"","""",""https://algassert.com/quirk#circuit=%7B%22cols%22%3A%5B%5B%22H%22%2C%22H%22%2C%22H%22%5D%2C%5B1%2C1%2C%22Z%22%5D%2C%5B%22Y%22%5D%2C%5B%22%E2%80%A2%22%2C%22X%22%5D%5D%2C%22gates%22%3A%5B%7B%22id%22%3A%22~da85%22%2C%22name%22%3A%22Alice%22%2C%22matrix%22%3A%22%7B%7B1%2C0%7D%2C%7B0%2C1%7D%7D%22%7D%2C%7B%22id%22%3A%22~ahov%22%2C%22name%22%3A%22Bob%22%2C%22matrix%22%3A%22%7B%7B1%2C0%7D%2C%7B0%2C1%7D%7D%22%7D%2C%7B%22id%22%3A%22~5s2n%22%2C%22name%22%3A%22Referee%22%2C%22matrix%22%3A%22%7B%7B1%2C0%7D%2C%7B0%2C1%7D%7D%22%7D%2C%7B%22id%22%3A%22~q6e%22%2C%22name%22%3A%22Win%3F%22%2C%22matrix%22%3A%22%7B%7B1%2C0%7D%2C%7B0%2C1%7D%7D%22%7D%5D%7D"",""-- / 0"","""""
"2024/05/24 2:48:23 p. m. EEST,""8.00 / 8"",""Bari096"",""-- / 0"","""",""12.50"",""1.00 / 1"","""",""12.50"",""1.00 / 1"","""",""12.50"",""1.00 / 1"","""",""12.50"",""1.00 / 1"","""",""12.50"",""1.00 / 1"","""",""12.50"",""1.00 / 1"","""",""12.50"",""1.00 / 1"","""",""12.50"",""1.00 / 1"","""",""https://algassert.com/quirk#circuit=%7B%22cols%22%3A%5B%5B%22H%22%2C%22H%22%2C%22H%22%5D%2C%5B%22Y%22%2C1%2C%22Z%22%5D%2C%5B%22%E2%80%A2%22%2C%22X%22%5D%5D%7D"",""-- / 0"","""""
"2024/05/24 2:50:10 p. m. EEST,""8.00 / 8"",""Bari077"",""-- / 0"","""",""12.5"",""1.00 / 1"","""",""12.5"",""1.00 / 1"","""",""12.5"",""1.00 / 1"","""",""12.5"",""1.00 / 1"","""",""12.5"",""1.00 / 1"","""",""12.5"",""1.00 / 1"","""",""12.5"",""1.00 / 1"","""",""12.5"",""1.00 / 1"","""",""https://algassert.com/quirk#circuit=%7B%22cols%22%3A%5B%5B%22H%22%2C%22H%22%2C%22H%22%5D%2C%5B%22Y%22%2C1%2C%22Z%22%5D%2C%5B%22%E2%80%A2%22%2C%22X%22%5D%5D%7D"",""-- / 0"","""""
"2024/05/24 2:50:52 p. m. EEST,""8.00 / 8"",""Bari058"",""-- / 0"","""",""12.5"",""1.00 / 1"","""",""12.5"",""1.00 / 1"","""",""12.5"",""1.00 / 1"","""",""12.5"",""1.00 / 1"","""",""12.5"",""1.00 / 1"","""",""12.5"",""1.00 / 1"","""",""12.5"",""1.00 / 1"","""",""12.5"",""1.00 / 1"","""",""https://algassert.com/quirk#circuit=%7B%22cols%22%3A%5B%5B%22H%22%2C%22H%22%2C%22H%22%5D%2C%5B1%2C1%2C%22Z%22%5D%2C%5B%22Y%22%5D%2C%5B%22%E2%80%A2%22%2C%22X%22%5D%5D%7D"",""-- / 0"","""""
"2024/05/24 2:53:35 p. m. EEST,""8.00 / 8"",""Bari051"",""-- / 0"","""",""12.5"",""1.00 / 1"","""",""12.5"",""1.00 / 1"","""",""12.5"",""1.00 / 1"","""",""12.5"",""1.00 / 1"","""",""12.5"",""1.00 / 1"","""",""12.5"",""1.00 / 1"","""",""12.5"",""1.00 / 1"","""",""12.5"",""1.00 / 1"","""",""https://algassert.com/quirk#circuit=%7B%22cols%22%3A%5B%5B%22H%22%2C%22H%22%2C%22H%22%5D%2C%5B1%2C1%2C%22Z%22%5D%2C%5B%22Y%22%5D%2C%5B%22%E2%80%A2%22%2C%22X%22%5D%5D%7D"",""-- / 0"","""""
"2024/05/24 2:55:29 p. m. EEST,""8.00 / 8"",""Bari104"",""-- / 0"","""",""12.5"",""1.00 / 1"","""",""12.5"",""1.00 / 1"","""",""12.5"",""1.00 / 1"","""",""12.5"",""1.00 / 1"","""",""12.5"",""1.00 / 1"","""",""12.5"",""1.00 / 1"","""",""12.5"",""1.00 / 1"","""",""12.5"",""1.00 / 1"","""",""https://algassert.com/quirk#circuit={%22cols%22:[[%22H%22,%22H%22,%22H%22],[1,1,%22Z%22],[%22Y%22],[%22%E2%80%A2%22,%22X%22]]}"",""-- / 0"","""""
"2024/05/24 2:58:18 p. m. EEST,""8.00 / 8"",""Bari120"",""-- / 0"","""",""12.5"",""1.00 / 1"","""",""12.5"",""1.00 / 1"","""",""12.5"",""1.00 / 1"","""",""12.5"",""1.00 / 1"","""",""12.5"",""1.00 / 1"","""",""12.5"",""1.00 / 1"","""",""12.5"",""1.00 / 1"","""",""12.5"",""1.00 / 1"","""",""https://algassert.com/quirk#circuit=%7B%22cols%22%3A%5B%5B%22H%22%2C%22H%22%2C%22H%22%5D%2C%5B1%2C1%2C%22Z%22%5D%2C%5B%22Y%22%5D%2C%5B%22%E2%80%A2%22%2C%22X%22%5D%5D%7D"",""-- / 0"","""""
"2024/05/24 3:00:26 p. m. EEST,""8.00 / 8"",""Bari060"",""-- / 0"","""",""12.5000"",""1.00 / 1"","""",""12.5000"",""1.00 / 1"","""",""12.5000"",""1.00 / 1"","""",""12.5000"",""1.00 / 1"","""",""12.5000"",""1.00 / 1"","""",""12.5000"",""1.00 / 1"","""",""12.5000"",""1.00 / 1"","""",""12.5000"",""1.00 / 1"","""",""https://algassert.com/quirk#circuit=%7B%22cols%22%3A%5B%5B%22H%22%2C%22H%22%2C%22H%22%5D%2C%5B%22Y%22%2C1%2C%22Z%22%5D%2C%5B%22%E2%80%A2%22%2C%22X%22%5D%5D%7D"",""-- / 0"","""""
"2024/05/24 3:00:43 p. m. EEST,""8.00 / 8"",""Bari123"",""-- / 0"","""",""12.50"",""1.00 / 1"","""",""12.50"",""1.00 / 1"","""",""12.50"",""1.00 / 1"","""",""12.50"",""1.00 / 1"","""",""12.50"",""1.00 / 1"","""",""12.50"",""1.00 / 1"","""",""12.50"",""1.00 / 1"","""",""12.50"",""1.00 / 1"","""",""https://algassert.com/quirk#circuit=%7B%22cols%22%3A%5B%5B%22H%22%5D%2C%5B1%2C%22H%22%5D%2C%5B1%2C1%2C%22H%22%5D%2C%5B1%2C1%2C%22Z%22%5D%2C%5B%22Y%22%5D%2C%5B%22%E2%80%A2%22%2C%22X%22%5D%5D%7D"",""-- / 0"","""""
"2024/05/24 3:01:22 p. m. EEST,""8.00 / 8"",""Bari122"",""-- / 0"","""",""12.5"",""1.00 / 1"","""",""12.5"",""1.00 / 1"","""",""12.5"",""1.00 / 1"","""",""12.5"",""1.00 / 1"","""",""12.5"",""1.00 / 1"","""",""12.5"",""1.00 / 1"","""",""12.5"",""1.00 / 1"","""",""12.5"",""1.00 / 1"","""",""https://algassert.com/quirk#circuit=%7B%22cols%22%3A%5B%5B%22H%22%2C%22H%22%2C%22H%22%5D%2C%5B%22Y%22%2C1%2C%22Z%22%5D%2C%5B%22%E2%80%A2%22%2C%22X%22%5D%5D%7D"",""-- / 0"","""""
"2024/05/24 3:10:35 p. m. EEST,""8.00 / 8"",""080"",""-- / 0"","""",""12.5"",""1.00 / 1"","""",""12.5"",""1.00 / 1"","""",""12.5"",""1.00 / 1"","""",""12.5"",""1.00 / 1"","""",""12.5"",""1.00 / 1"","""",""12.5"",""1.00 / 1"","""",""12.5"",""1.00 / 1"","""",""12.5"",""1.00 / 1"","""",""https://algassert.com/quirk#circuit=%7B%22cols%22%3A%5B%5B%22H%22%5D%2C%5B1%2C%22H%22%5D%2C%5B1%2C1%2C%22H%22%5D%2C%5B1%2C1%2C%22Z%22%5D%2C%5B%22Y%22%5D%2C%5B%22X%22%2C%22%E2%80%A2%22%5D%5D%7D"",""-- / 0"","""""
"2024/06/12 11:00:04 a. m. EEST,""8.00 / 8"",""QServ019"",""-- / 0"","""",""12.5"",""1.00 / 1"","""",""12.5"",""1.00 / 1"","""",""12.5"",""1.00 / 1"","""",""12.5"",""1.00 / 1"","""",""12.5"",""1.00 / 1"","""",""12.5"",""1.00 / 1"","""",""12.5"",""1.00 / 1"","""",""12.5"",""1.00 / 1"","""",""https://algassert.com/quirk#circuit=%7B%22cols%22%3A%5B%5B%22H%22%2C%22H%22%2C%22H%22%5D%2C%5B%22Y%22%2C1%2C%22Z%22%5D%2C%5B%22%E2%80%A2%22%2C%22X%22%5D%2C%5B1%2C%22Measure%22%2C%22Measure%22%5D%5D%7D"",""-- / 0"","""""
"2024/06/12 11:01:52 a. m. EEST,""8.00 / 8"",""QServ007"",""-- / 0"","""",""12.5"",""1.00 / 1"","""",""12.5"",""1.00 / 1"","""",""12.5"",""1.00 / 1"","""",""12.5"",""1.00 / 1"","""",""12.5"",""1.00 / 1"","""",""12.5"",""1.00 / 1"","""",""12.5"",""1.00 / 1"","""",""12.5"",""1.00 / 1"","""",""https://algassert.com/quirk#circuit={%22cols%22:[[%22H%22,%22H%22,%22H%22],[1,1,%22Z%22],[%22Y%22],[%22%E2%80%A2%22,%22X%22],[1,%22Measure%22,%22Measure%22]]}"",""-- / 0"","""""
"2024/06/12 11:03:12 a. m. EEST,""8.00 / 8"",""QServ021"",""-- / 0"","""",""12.5"",""1.00 / 1"","""",""12.5"",""1.00 / 1"","""",""12.5"",""1.00 / 1"","""",""12.5"",""1.00 / 1"","""",""12.5"",""1.00 / 1"","""",""12.5"",""1.00 / 1"","""",""12.5"",""1.00 / 1"","""",""12.5"",""1.00 / 1"","""",""https://algassert.com/quirk#circuit=%7B%22cols%22%3A%5B%5B%22H%22%2C%22H%22%2C%22H%22%5D%2C%5B%22Y%22%2C1%2C%22Z%22%5D%2C%5B%22%E2%80%A2%22%2C%22X%22%5D%5D%7D"",""-- / 0"","""""
"2024/06/12 11:09:58 a. m. EEST,""8.00 / 8"",""QServ009"",""-- / 0"","""",""12.5"",""1.00 / 1"","""",""12.5"",""1.00 / 1"","""",""12.5"",""1.00 / 1"","""",""12.5"",""1.00 / 1"","""",""12.5"",""1.00 / 1"","""",""12.5"",""1.00 / 1"","""",""12.5"",""1.00 / 1"","""",""12.5"",""1.00 / 1"","""",""https://algassert.com/quirk#circuit=%7B%22cols%22%3A%5B%5B%22H%22%2C%22H%22%2C%22H%22%5D%2C%5B%22Y%22%2C1%2C%22Z%22%5D%2C%5B%22%E2%80%A2%22%2C%22X%22%5D%5D%7D"",""-- / 0"","""""
"2024/06/12 11:16:49 a. m. EEST,""8.00 / 8"",""QServ013"",""-- / 0"","""",""12.5"",""1.00 / 1"","""",""12.5"",""1.00 / 1"","""",""12.5"",""1.00 / 1"","""",""12.5"",""1.00 / 1"","""",""12.5"",""1.00 / 1"","""",""12.5"",""1.00 / 1"","""",""12.5"",""1.00 / 1"","""",""12.5"",""1.00 / 1"","""",""https://algassert.com/quirk#circuit=%7B%22cols%22%3A%5B%5B%22H%22%2C%22H%22%2C%22H%22%5D%2C%5B%22Y%22%2C1%2C%22Z%22%5D%2C%5B%22%E2%80%A2%22%2C%22X%22%5D%5D%7D"",""-- / 0"","""""
"2024/06/12 11:20:04 a. m. EEST,""8.00 / 8"",""QServ010"",""-- / 0"","""",""12.5"",""1.00 / 1"","""",""12.5"",""1.00 / 1"","""",""12.5"",""1.00 / 1"","""",""12.5"",""1.00 / 1"","""",""12.5"",""1.00 / 1"","""",""12.5"",""1.00 / 1"","""",""12.5"",""1.00 / 1"","""",""12.5"",""1.00 / 1"","""",""https://algassert.com/quirk#circuit=%7B%22cols%22%3A%5B%5B%22H%22%2C%22H%22%2C%22H%22%5D%2C%5B%22Y%22%2C1%2C%22Z%22%5D%2C%5B%22%E2%80%A2%22%2C%22X%22%5D%5D%7D"",""-- / 0"","""""
"2024/06/12 11:26:22 a. m. EEST,""8.00 / 8"",""QServ014"",""-- / 0"","""",""12.5"",""1.00 / 1"","""",""12.5"",""1.00 / 1"","""",""12.5"",""1.00 / 1"","""",""12.5"",""1.00 / 1"","""",""12.5"",""1.00 / 1"","""",""12.5"",""1.00 / 1"","""",""12.5"",""1.00 / 1"","""",""12.5"",""1.00 / 1"","""",""https://algassert.com/quirk#circuit=%7B%22cols%22%3A%5B%5B%22H%22%2C%22H%22%2C%22H%22%5D%2C%5B%22Y%22%2C1%2C%22Z%22%5D%2C%5B%22%E2%80%A2%22%2C%22X%22%5D%2C%5B1%2C%22Measure%22%2C%22Measure%22%5D%5D%7D"",""-- / 0"","""""
"2024/06/12 11:26:25 a. m. EEST,""8.00 / 8"",""QServ015"",""-- / 0"","""",""12.5"",""1.00 / 1"","""",""12.5"",""1.00 / 1"","""",""12.5"",""1.00 / 1"","""",""12.5"",""1.00 / 1"","""",""12.5"",""1.00 / 1"","""",""12.5"",""1.00 / 1"","""",""12.5"",""1.00 / 1"","""",""12.5"",""1.00 / 1"","""",""https://algassert.com/quirk#circuit=%7B%22cols%22%3A%5B%5B%22H%22%2C%22H%22%2C%22H%22%5D%2C%5B1%2C1%2C%22Z%22%5D%2C%5B%22Y%22%5D%2C%5B%22%E2%80%A2%22%2C%22X%22%5D%2C%5B1%2C1%2C%22Measure%22%5D%2C%5B1%2C%22Measure%22%5D%5D%7D"",""-- / 0"","""""
"2024/06/12 11:32:10 a. m. EEST,""8.00 / 8"",""QServ018"",""-- / 0"","""",""12.5"",""1.00 / 1"","""",""12.5"",""1.00 / 1"","""",""12.5"",""1.00 / 1"","""",""12.5"",""1.00 / 1"","""",""12.5"",""1.00 / 1"","""",""12.5"",""1.00 / 1"","""",""12.5"",""1.00 / 1"","""",""12.5"",""1.00 / 1"","""",""https://algassert.com/quirk#circuit=%7B%22cols%22%3A%5B%5B%22H%22%2C%22H%22%2C%22H%22%5D%2C%5B%22Y%22%2C1%2C%22Z%22%5D%2C%5B%22X%22%2C%22%E2%80%A2%22%5D%2C%5B%22Measure%22%2C1%2C%22Measure%22%5D%5D%7D"",""-- / 0"","""""
"2024/06/12 11:33:03 a. m. EEST,""8.00 / 8"",""QServ002"",""-- / 0"","""",""12.5"",""1.00 / 1"","""",""12.5"",""1.00 / 1"","""",""12.5"",""1.00 / 1"","""",""12.5"",""1.00 / 1"","""",""12.5"",""1.00 / 1"","""",""12.5"",""1.00 / 1"","""",""12.5"",""1.00 / 1"","""",""12.5"",""1.00 / 1"","""",""https://algassert.com/quirk#circuit=%7B%22cols%22%3A%5B%5B%22H%22%2C%22H%22%2C%22H%22%5D%2C%5B1%2C1%2C%22Z%22%5D%2C%5B%22Y%22%5D%2C%5B%22%E2%80%A2%22%2C%22X%22%5D%2C%5B1%2C1%2C%22Measure%22%5D%2C%5B1%2C%22Measure%22%5D%5D%7D"",""-- / 0"","""""
"2024/06/12 11:33:37 a. m. EEST,""8.00 / 8"",""QServ020"",""-- / 0"","""",""12.5"",""1.00 / 1"","""",""12.5"",""1.00 / 1"","""",""12.5"",""1.00 / 1"","""",""12.5"",""1.00 / 1"","""",""12.5"",""1.00 / 1"","""",""12.5"",""1.00 / 1"","""",""12.5"",""1.00 / 1"","""",""12.5"",""1.00 / 1"","""",""https://algassert.com/quirk#circuit=%7B%22cols%22%3A%5B%5B%22H%22%2C%22H%22%2C%22H%22%5D%2C%5B%22Y%22%2C1%2C%22Z%22%5D%2C%5B%22%E2%80%A2%22%2C%22X%22%5D%2C%5B1%2C%22Measure%22%2C%22Measure%22%5D%5D%7D"",""-- / 0"","""""
"2024/06/12 11:48:39 a. m. EEST,""8.00 / 8"",""QServ012"",""-- / 0"","""",""12.5"",""1.00 / 1"","""",""12.5"",""1.00 / 1"","""",""12.5"",""1.00 / 1"","""",""12.5"",""1.00 / 1"","""",""12.5"",""1.00 / 1"","""",""12.5"",""1.00 / 1"","""",""12.5"",""1.00 / 1"","""",""12.5"",""1.00 / 1"","""",""https://algassert.com/quirk#circuit=%7B%22cols%22%3A%5B%5B%22H%22%2C%22H%22%2C%22H%22%5D%2C%5B%22Y%22%2C1%2C%22Z%22%5D%2C%5B%22%E2%80%A2%22%2C%22X%22%5D%5D%7D"",""-- / 0"","""""
"2024/06/12 11:49:25 a. m. EEST,""8.00 / 8"",""QServ001"",""-- / 0"","""",""12.50"",""1.00 / 1"","""",""12.50"",""1.00 / 1"","""",""12.50"",""1.00 / 1"","""",""12.50"",""1.00 / 1"","""",""12.50"",""1.00 / 1"","""",""12.50"",""1.00 / 1"","""",""12.50"",""1.00 / 1"","""",""12.50"",""1.00 / 1"","""",""https://algassert.com/quirk#circuit=%7B%22cols%22%3A%5B%5B%22H%22%2C%22H%22%2C%22H%22%5D%2C%5B%22Y%22%2C1%2C%22Z%22%5D%2C%5B1%2C1%2C%22Z%22%5D%2C%5B%22%E2%80%A2%22%2C%22X%22%5D%5D%7D"",""-- / 0"","""""
"2024/06/12 11:51:48 a. m. EEST,""8.00 / 8"",""QServ016"",""-- / 0"","""",""12.5"",""1.00 / 1"","""",""12.5"",""1.00 / 1"","""",""12.5"",""1.00 / 1"","""",""12.5"",""1.00 / 1"","""",""12.5"",""1.00 / 1"","""",""12.5"",""1.00 / 1"","""",""12.5"",""1.00 / 1"","""",""12.5"",""1.00 / 1"","""",""https://algassert.com/quirk#circuit=%7B%22cols%22%3A%5B%5B%22H%22%2C%22H%22%2C%22H%22%5D%2C%5B%22Y%22%2C1%2C%22Z%22%5D%2C%5B%22%E2%80%A2%22%2C%22X%22%5D%2C%5B1%2C%22Measure%22%2C%22Measure%22%5D%5D%7D"",""-- / 0"","""""
"2024/06/12 12:51:03 p. m. EEST,""8.00 / 8"",""QServ008"",""-- / 0"","""",""12.5"",""1.00 / 1"","""",""12.5"",""1.00 / 1"","""",""12.5"",""1.00 / 1"","""",""12.5"",""1.00 / 1"","""",""12.5"",""1.00 / 1"","""",""12.5"",""1.00 / 1"","""",""12.5"",""1.00 / 1"","""",""12.5"",""1.00 / 1"","""",""https://algassert.com/quirk#circuit=%7B%22cols%22%3A%5B%5B%22H%22%2C%22H%22%2C%22H%22%5D%2C%5B1%2C1%2C%22Z%22%5D%2C%5B%22Y%22%2C1%2C%22Measure%22%5D%2C%5B%22%E2%80%A2%22%2C%22X%22%5D%2C%5B1%2C%22Measure%22%5D%5D%7D"",""-- / 0"","""""
